Survived,Pclass,Sex,Age,SibSp,Parch,Age_nan,Cabin_status,Embarked_nan,family_size,alone,Embarked_C,Embarked_Q,Embarked_S,Title_Master,Title_Miss,Title_Mr,Title_Mrs,Title_Others,Age_scaled,Fare_log_scaled
0,3,0,22.0,1,0,0,0,0,1,1,0.0,0.0,1.0,0.0,0.0,1.0,0.0,0.0,-0.5348911628688886,-0.8797405693934278
1,1,1,38.0,1,0,0,1,0,1,1,1.0,0.0,0.0,0.0,0.0,0.0,1.0,0.0,0.6683917564561223,1.3612199269233833
1,3,1,26.0,0,0,0,0,0,1,1,0.0,0.0,1.0,0.0,1.0,0.0,0.0,0.0,-0.23407043303763592,-0.798539974052802
1,1,1,35.0,1,0,0,1,0,2,0,0.0,0.0,1.0,0.0,0.0,0.0,1.0,0.0,0.4427762090826827,1.0620380556287106
0,3,0,35.0,0,0,0,0,0,1,1,0.0,0.0,1.0,0.0,0.0,1.0,0.0,0.0,0.4427762090826827,-0.7841792430073967
0,3,0,25.0,0,0,1,0,0,1,1,0.0,1.0,0.0,0.0,0.0,1.0,0.0,0.0,-0.3092756154954491,-0.7386163019798164
0,1,0,54.0,0,0,0,1,0,1,1,0.0,0.0,1.0,0.0,0.0,1.0,0.0,0.0,1.8716746757811333,1.038145562232327
0,3,0,2.0,3,1,0,0,0,4,0,0.0,0.0,1.0,1.0,0.0,0.0,0.0,0.0,-2.038994812025152,0.1364991380659541
1,3,1,27.0,0,2,0,0,0,3,0,0.0,0.0,1.0,0.0,0.0,0.0,1.0,0.0,-0.15886525057982273,-0.48145578049281335
1,2,1,14.0,1,0,0,0,0,2,0,1.0,0.0,0.0,0.0,0.0,0.0,1.0,0.0,-1.136532622531394,0.4894379098126231
1,3,1,4.0,1,1,0,1,0,2,0,0.0,0.0,1.0,0.0,1.0,0.0,0.0,0.0,-1.8885844471095259,-0.09156500424402261
1,1,1,58.0,0,0,0,1,0,1,1,0.0,0.0,1.0,0.0,1.0,0.0,0.0,0.0,2.172495405612386,0.36526093570402607
0,3,0,20.0,0,0,0,0,0,1,1,0.0,0.0,1.0,0.0,0.0,1.0,0.0,0.0,-0.685301527784515,-0.7841792430073967
0,3,0,39.0,1,5,0,0,0,7,0,0.0,0.0,1.0,0.0,0.0,1.0,0.0,0.0,0.7435969389139355,0.5286989276421437
0,3,1,14.0,0,0,0,0,0,1,1,0.0,0.0,1.0,0.0,1.0,0.0,0.0,0.0,-1.136532622531394,-0.806763380796033
1,2,1,55.0,0,0,0,0,0,1,1,0.0,0.0,1.0,0.0,0.0,0.0,1.0,0.0,1.9468798582389464,-0.13322852057373055
0,3,0,2.0,4,1,0,0,0,5,0,0.0,1.0,0.0,1.0,0.0,0.0,0.0,0.0,-2.038994812025152,0.457519539438721
1,2,0,30.0,0,0,1,0,0,1,1,0.0,0.0,1.0,0.0,0.0,1.0,0.0,0.0,0.06675029679361683,-0.3336984726090336
0,3,1,31.0,1,0,0,0,0,1,1,0.0,0.0,1.0,0.0,0.0,0.0,1.0,0.0,0.14195547925143,-0.01838583697289204
1,3,1,21.5,0,0,1,0,0,1,1,1.0,0.0,0.0,0.0,0.0,0.0,1.0,0.0,-0.5724937540977952,-0.8828741679067217
0,2,0,35.0,0,0,0,0,0,2,0,0.0,0.0,1.0,0.0,0.0,1.0,0.0,0.0,0.4427762090826827,0.3444394801955362
1,2,0,34.0,0,0,0,1,0,1,1,0.0,0.0,1.0,0.0,0.0,1.0,0.0,0.0,0.36757102662486957,-0.3336984726090336
1,3,1,15.0,0,0,0,0,0,1,1,0.0,1.0,0.0,0.0,1.0,0.0,0.0,0.0,-1.061327440073581,-0.7865550587251358
1,1,0,28.0,0,0,0,1,0,1,1,0.0,0.0,1.0,0.0,0.0,1.0,0.0,0.0,-0.08366006812200955,0.6557188297748954
0,3,1,8.0,3,1,0,0,0,4,0,0.0,0.0,1.0,0.0,1.0,0.0,0.0,0.0,-1.5877637172782733,0.1364991380659541
1,3,1,38.0,1,5,0,0,0,4,0,0.0,0.0,1.0,0.0,0.0,0.0,1.0,0.0,0.6683917564561223,0.5322916934007406
0,3,0,25.0,0,0,1,0,0,1,1,1.0,0.0,0.0,0.0,0.0,1.0,0.0,0.0,-0.3092756154954491,-0.8828741679067217
0,1,0,19.0,3,2,0,1,0,4,0,0.0,0.0,1.0,0.0,0.0,1.0,0.0,0.0,-0.7605067102423282,2.6987007794454887
1,3,1,21.5,0,0,1,0,0,1,1,0.0,1.0,0.0,0.0,1.0,0.0,0.0,0.0,-0.5724937540977952,-0.8038521494426432
0,3,0,25.0,0,0,1,0,0,1,1,0.0,0.0,1.0,0.0,0.0,1.0,0.0,0.0,-0.3092756154954491,-0.8019236166026618
0,1,0,40.0,0,0,0,0,0,1,1,1.0,0.0,0.0,0.0,0.0,0.0,0.0,1.0,0.8188021213717487,0.4082334475616762
1,1,1,35.0,1,0,1,1,0,2,0,1.0,0.0,0.0,0.0,0.0,0.0,1.0,0.0,0.4427762090826827,2.097794920021772
1,3,1,21.5,0,0,1,0,0,1,1,0.0,1.0,0.0,0.0,1.0,0.0,0.0,0.0,-0.5724937540977952,-0.8189865811572414
0,2,0,66.0,0,0,0,0,0,1,1,0.0,0.0,1.0,0.0,0.0,1.0,0.0,0.0,2.7741368652748912,-0.5368057694182641
0,1,0,28.0,1,0,0,0,0,2,0,1.0,0.0,0.0,0.0,0.0,1.0,0.0,0.0,-0.08366006812200955,1.5060857797883969
0,1,0,42.0,1,0,0,0,0,2,0,0.0,0.0,1.0,0.0,0.0,1.0,0.0,0.0,0.969212486287375,1.0408277503255374
1,3,0,25.0,0,0,1,0,0,1,1,1.0,0.0,0.0,0.0,0.0,1.0,0.0,0.0,-0.3092756154954491,-0.8823470582632056
0,3,0,21.0,0,0,0,0,0,1,1,0.0,0.0,1.0,0.0,0.0,1.0,0.0,0.0,-0.6100963453267019,-0.7841792430073967
0,3,1,18.0,2,0,0,0,0,2,0,0.0,0.0,1.0,0.0,1.0,0.0,0.0,0.0,-0.8357118927001413,-0.01838583697289204
1,3,1,14.0,1,0,0,0,0,2,0,1.0,0.0,0.0,0.0,1.0,0.0,0.0,0.0,-1.136532622531394,-0.47227211715402734
0,3,1,40.0,1,0,0,0,0,1,1,0.0,0.0,1.0,0.0,0.0,0.0,1.0,0.0,0.8188021213717487,-0.6331972544104215
0,2,1,27.0,1,0,0,0,0,2,0,0.0,0.0,1.0,0.0,0.0,0.0,1.0,0.0,-0.15886525057982273,0.1329851701219792
0,3,0,25.0,0,0,1,0,0,1,1,1.0,0.0,0.0,0.0,0.0,1.0,0.0,0.0,-0.3092756154954491,-0.8019236166026618
1,2,1,3.0,1,2,0,0,0,3,0,1.0,0.0,0.0,0.0,1.0,0.0,0.0,0.0,-1.9637896295673392,0.8147822510349934
1,3,1,19.0,0,0,0,0,0,1,1,0.0,1.0,0.0,0.0,1.0,0.0,0.0,0.0,-0.7605067102423282,-0.8038521494426432
0,3,0,25.0,0,0,1,0,0,1,1,0.0,0.0,1.0,0.0,0.0,1.0,0.0,0.0,-0.3092756154954491,-0.7841792430073967
0,3,0,25.0,1,0,1,0,0,1,1,0.0,1.0,0.0,0.0,0.0,1.0,0.0,0.0,-0.3092756154954491,-0.16405229962564447
1,3,1,21.5,0,0,1,0,0,1,1,0.0,1.0,0.0,0.0,1.0,0.0,0.0,0.0,-0.5724937540977952,-0.8189865811572414
0,3,0,25.0,2,0,1,0,0,1,1,1.0,0.0,0.0,0.0,0.0,1.0,0.0,0.0,-0.3092756154954491,0.16437971416667366
0,3,1,18.0,1,0,0,0,0,2,0,0.0,0.0,1.0,0.0,0.0,0.0,1.0,0.0,-0.8357118927001413,-0.029312075627065143
0,3,0,7.0,4,1,0,0,0,6,0,0.0,0.0,1.0,1.0,0.0,0.0,0.0,0.0,-1.6629688997360863,0.7678594338107121
0,3,0,21.0,0,0,0,0,0,1,1,0.0,0.0,1.0,0.0,0.0,1.0,0.0,0.0,-0.6100963453267019,-0.8131032608653792
1,1,1,49.0,1,0,0,1,0,3,0,1.0,0.0,0.0,0.0,0.0,0.0,1.0,0.0,1.4956487634920672,1.4362199751817062
1,2,1,29.0,1,0,0,0,0,1,1,0.0,0.0,1.0,0.0,0.0,0.0,1.0,0.0,-0.008454885664196365,0.3444394801955362
0,1,0,65.0,0,1,0,1,0,1,1,1.0,0.0,0.0,0.0,0.0,1.0,0.0,0.0,2.6989316828170784,1.2189504454470093
1,1,0,40.0,0,0,1,1,0,1,1,0.0,0.0,1.0,0.0,0.0,1.0,0.0,0.0,0.8188021213717487,0.6557188297748954
1,2,1,21.0,0,0,0,0,0,1,1,0.0,0.0,1.0,0.0,1.0,0.0,0.0,0.0,-0.6100963453267019,-0.5368057694182641
0,3,0,28.5,0,0,0,0,0,1,1,1.0,0.0,0.0,0.0,0.0,1.0,0.0,0.0,-0.04605747689310296,-0.8823470582632056
1,2,1,5.0,1,2,0,0,0,3,0,0.0,0.0,1.0,0.0,1.0,0.0,0.0,0.0,-1.8133792646517128,0.40928266156909443
0,3,0,11.0,5,2,0,0,0,6,0,0.0,0.0,1.0,1.0,0.0,0.0,0.0,0.0,-1.3621481699048337,0.936361092700485
0,3,0,22.0,0,0,0,0,0,1,1,1.0,0.0,0.0,0.0,0.0,1.0,0.0,0.0,-0.5348911628688886,-0.8823470582632056
1,1,1,38.0,0,0,0,1,1,2,0,0.0,0.0,1.0,0.0,1.0,0.0,0.0,0.0,0.6683917564561223,1.4787785499834798
0,1,0,45.0,1,0,0,1,0,2,0,0.0,0.0,1.0,0.0,0.0,1.0,0.0,0.0,1.1948280336608146,1.5221510751129648
0,3,0,4.0,3,2,0,0,0,6,0,0.0,0.0,1.0,1.0,0.0,0.0,0.0,0.0,-1.8885844471095259,0.4146557174979072
0,1,0,40.0,0,0,1,0,0,1,1,1.0,0.0,0.0,0.0,0.0,1.0,0.0,0.0,0.8188021213717487,0.4082334475616762
1,3,0,25.0,1,1,1,0,0,2,0,1.0,0.0,0.0,1.0,0.0,0.0,0.0,0.0,-0.3092756154954491,-0.1800831698720664
1,2,1,29.0,0,0,0,1,0,1,1,0.0,0.0,1.0,0.0,0.0,0.0,1.0,0.0,-0.008454885664196365,-0.5368057694182641
0,3,0,19.0,0,0,0,0,0,1,1,0.0,0.0,1.0,0.0,0.0,1.0,0.0,0.0,-0.7605067102423282,-0.7718965778779472
1,3,1,17.0,4,2,0,0,0,1,1,0.0,0.0,1.0,0.0,1.0,0.0,0.0,0.0,-0.9109170751579546,-0.798539974052802
0,3,0,26.0,2,0,0,0,0,1,1,0.0,0.0,1.0,0.0,0.0,1.0,0.0,0.0,-0.23407043303763592,-0.7165619336211217
0,2,0,32.0,0,0,0,0,0,1,1,0.0,0.0,1.0,0.0,0.0,1.0,0.0,0.0,0.2171606617092432,-0.5368057694182641
0,3,1,16.0,5,2,0,0,0,6,0,0.0,0.0,1.0,0.0,1.0,0.0,0.0,0.0,-0.9861222576157678,0.936361092700485
0,2,0,21.0,0,0,0,0,0,5,0,0.0,0.0,1.0,0.0,0.0,1.0,0.0,0.0,-0.6100963453267019,1.3924082286355355
0,3,0,26.0,1,0,0,0,0,1,1,1.0,0.0,0.0,0.0,0.0,1.0,0.0,0.0,-0.23407043303763592,-0.23166125968823223
1,3,0,32.0,0,0,0,0,0,7,0,0.0,0.0,1.0,0.0,0.0,1.0,0.0,0.0,0.2171606617092432,1.1248955097361604
0,3,0,25.0,0,0,0,1,0,1,1,0.0,0.0,1.0,0.0,0.0,1.0,0.0,0.0,-0.3092756154954491,-0.830854756854953
0,3,0,25.0,0,0,1,0,0,1,1,0.0,0.0,1.0,0.0,0.0,1.0,0.0,0.0,-0.3092756154954491,-0.8019236166026618
0,3,0,25.0,0,0,1,0,0,1,1,0.0,0.0,1.0,0.0,0.0,1.0,0.0,0.0,-0.3092756154954491,-0.7841792430073967
1,2,0,0.83,0,2,0,0,0,2,0,0.0,0.0,1.0,1.0,0.0,0.0,0.0,0.0,-2.126984875500794,0.4532263111425748
1,3,1,30.0,0,0,0,0,0,2,0,0.0,0.0,1.0,0.0,1.0,0.0,0.0,0.0,0.06675029679361683,-0.37316263612134226
0,3,0,22.0,0,0,0,0,0,1,1,0.0,0.0,1.0,0.0,0.0,1.0,0.0,0.0,-0.5348911628688886,-0.6811127586453682
1,3,0,29.0,0,0,0,0,0,1,1,0.0,0.0,1.0,0.0,0.0,1.0,0.0,0.0,-0.008454885664196365,-0.6307359423566569
1,3,1,21.5,0,0,1,0,0,1,1,0.0,1.0,0.0,0.0,1.0,0.0,0.0,0.0,-0.5724937540977952,-0.8145709511162281
0,1,0,28.0,0,0,0,0,0,1,1,0.0,0.0,1.0,0.0,0.0,1.0,0.0,0.0,-0.08366006812200955,0.940663265248102
1,2,1,17.0,0,0,0,0,0,1,1,0.0,0.0,1.0,0.0,1.0,0.0,0.0,0.0,-0.9109170751579546,-0.5368057694182641
1,3,1,33.0,3,0,0,0,0,2,0,0.0,0.0,1.0,0.0,0.0,0.0,1.0,0.0,0.29236584416705635,-0.1423794216910609
0,3,0,16.0,1,3,0,0,0,4,0,0.0,0.0,1.0,0.0,0.0,1.0,0.0,0.0,-0.9861222576157678,0.6233938271906204
0,3,0,25.0,0,0,1,0,0,1,1,0.0,0.0,1.0,0.0,0.0,1.0,0.0,0.0,-0.3092756154954491,-0.7841792430073967
1,1,1,23.0,3,2,0,1,0,4,0,0.0,0.0,1.0,0.0,1.0,0.0,0.0,0.0,-0.45968598041107545,2.6987007794454887
0,3,0,24.0,0,0,0,0,0,1,1,0.0,0.0,1.0,0.0,0.0,1.0,0.0,0.0,-0.3844807979532623,-0.7841792430073967
0,3,0,29.0,0,0,0,0,0,1,1,0.0,0.0,1.0,0.0,0.0,1.0,0.0,0.0,-0.008454885664196365,-0.7841792430073967
0,3,0,20.0,0,0,0,0,0,1,1,0.0,0.0,1.0,0.0,0.0,1.0,0.0,0.0,-0.685301527784515,-0.806763380796033
0,1,0,46.0,1,0,0,1,0,1,1,0.0,0.0,1.0,0.0,0.0,1.0,0.0,0.0,1.2700332161186279,1.2056809915054134
0,3,0,26.0,1,2,0,0,0,2,0,0.0,0.0,1.0,0.0,0.0,1.0,0.0,0.0,-0.23407043303763592,0.11284358066326507
0,3,0,59.0,0,0,0,0,0,1,1,0.0,0.0,1.0,0.0,0.0,1.0,0.0,0.0,2.2477005880701992,-0.8797405693934278
0,3,0,25.0,0,0,1,0,0,1,1,0.0,0.0,1.0,0.0,0.0,1.0,0.0,0.0,-0.3092756154954491,-0.7841792430073967
0,1,0,71.0,0,0,0,1,0,1,1,1.0,0.0,0.0,0.0,0.0,1.0,0.0,0.0,3.1501627775639576,0.6315110816648204
1,1,0,23.0,0,1,0,1,0,1,1,1.0,0.0,0.0,0.0,0.0,1.0,0.0,0.0,-0.45968598041107545,1.241316266924983
1,2,1,34.0,0,1,0,0,0,2,0,0.0,0.0,1.0,0.0,0.0,0.0,1.0,0.0,0.36757102662486957,0.2228261499229997
0,2,0,34.0,1,0,0,0,0,2,0,0.0,0.0,1.0,0.0,0.0,1.0,0.0,0.0,0.36757102662486957,0.3444394801955362
0,3,1,28.0,0,0,0,0,0,1,1,0.0,0.0,1.0,0.0,1.0,0.0,0.0,0.0,-0.08366006812200955,-0.8019236166026618
0,3,0,25.0,0,0,1,0,0,1,1,0.0,0.0,1.0,0.0,0.0,1.0,0.0,0.0,-0.3092756154954491,-0.8019236166026618
0,1,0,21.0,0,1,0,1,0,2,0,0.0,0.0,1.0,0.0,0.0,1.0,0.0,0.0,-0.6100963453267019,1.443609675522841
0,3,0,33.0,0,0,0,0,0,1,1,0.0,0.0,1.0,0.0,0.0,1.0,0.0,0.0,0.29236584416705635,-0.7174492400289059
0,3,0,37.0,2,0,0,0,0,1,1,0.0,0.0,1.0,0.0,0.0,1.0,0.0,0.0,0.5931865739983091,-0.798539974052802
0,3,0,28.0,0,0,0,0,0,1,1,0.0,0.0,1.0,0.0,0.0,1.0,0.0,0.0,-0.08366006812200955,-0.8019236166026618
1,3,1,21.0,0,0,0,0,0,1,1,0.0,0.0,1.0,0.0,1.0,0.0,0.0,0.0,-0.6100963453267019,-0.830854756854953
1,3,0,25.0,0,0,1,0,0,1,1,0.0,0.0,1.0,0.0,0.0,1.0,0.0,0.0,-0.3092756154954491,-0.8160407306065733
0,3,0,38.0,0,0,0,0,0,1,1,0.0,0.0,1.0,0.0,0.0,1.0,0.0,0.0,0.6683917564561223,-0.8019236166026618
1,3,1,21.5,1,0,1,0,0,3,0,0.0,1.0,0.0,0.0,1.0,0.0,0.0,0.0,-0.5724937540977952,0.2711522804976662
0,1,0,47.0,0,0,0,1,0,2,0,0.0,0.0,1.0,0.0,0.0,1.0,0.0,0.0,1.345238398576441,1.0408277503255374
0,3,1,14.5,1,0,0,0,0,2,0,1.0,0.0,0.0,0.0,1.0,0.0,0.0,0.0,-1.0989300313024875,-0.23166125968823223
0,3,0,22.0,0,0,0,0,0,1,1,0.0,0.0,1.0,0.0,0.0,1.0,0.0,0.0,-0.5348911628688886,-0.7841792430073967
0,3,1,20.0,1,0,0,0,0,1,1,0.0,0.0,1.0,0.0,1.0,0.0,0.0,0.0,-0.685301527784515,-0.5992616204389827
0,3,1,17.0,0,0,0,0,0,2,0,1.0,0.0,0.0,0.0,1.0,0.0,0.0,0.0,-0.9109170751579546,-0.23138736843472296
0,3,0,21.0,0,0,0,0,0,1,1,0.0,0.0,1.0,0.0,0.0,1.0,0.0,0.0,-0.6100963453267019,-0.798539974052802
0,3,0,70.5,0,0,0,0,0,1,1,0.0,1.0,0.0,0.0,0.0,1.0,0.0,0.0,3.1125601863350507,-0.8189865811572414
0,2,0,29.0,1,0,0,0,0,2,0,0.0,0.0,1.0,0.0,0.0,1.0,0.0,0.0,-0.008454885664196365,0.1329851701219792
0,1,0,24.0,0,1,0,1,0,2,0,1.0,0.0,0.0,0.0,0.0,1.0,0.0,0.0,-0.3844807979532623,2.6363132839087284
0,3,1,2.0,4,2,0,0,0,7,0,0.0,0.0,1.0,0.0,1.0,0.0,0.0,0.0,-2.038994812025152,0.5286989276421437
0,2,0,21.0,2,0,0,0,0,5,0,0.0,0.0,1.0,0.0,0.0,1.0,0.0,0.0,-0.6100963453267019,1.3924082286355355
0,3,0,25.0,0,0,1,0,0,1,1,0.0,0.0,1.0,0.0,0.0,1.0,0.0,0.0,-0.3092756154954491,-0.7841792430073967
0,2,0,32.5,1,0,0,0,0,2,0,1.0,0.0,0.0,0.0,0.0,1.0,0.0,0.0,0.2547632529381498,0.4894379098126231
1,2,1,32.5,0,0,0,1,0,1,1,0.0,0.0,1.0,0.0,1.0,0.0,0.0,0.0,0.2547632529381498,-0.3336984726090336
0,1,0,54.0,0,1,0,1,0,2,0,0.0,0.0,1.0,0.0,0.0,1.0,0.0,0.0,1.8716746757811333,1.443609675522841
1,3,0,12.0,1,0,0,0,0,2,0,1.0,0.0,0.0,1.0,0.0,0.0,0.0,0.0,-1.2869429874470204,-0.47227211715402734
0,3,0,25.0,0,0,1,0,0,1,1,0.0,1.0,0.0,0.0,0.0,1.0,0.0,0.0,-0.3092756154954491,-0.8189865811572414
1,3,0,24.0,0,0,0,0,0,1,1,0.0,0.0,1.0,0.0,0.0,1.0,0.0,0.0,-0.3844807979532623,-0.8933844909173265
1,3,1,21.5,1,1,1,1,0,2,0,1.0,0.0,0.0,0.0,1.0,0.0,0.0,0.0,-0.5724937540977952,0.19484336402527688
0,3,0,45.0,0,0,0,0,0,1,1,0.0,0.0,1.0,0.0,0.0,1.0,0.0,0.0,1.1948280336608146,-0.9147445967366699
0,3,0,33.0,0,0,0,0,0,1,1,1.0,0.0,0.0,0.0,0.0,1.0,0.0,0.0,0.29236584416705635,-0.8019236166026618
0,3,0,20.0,0,0,0,0,0,1,1,0.0,0.0,1.0,0.0,0.0,1.0,0.0,0.0,-0.685301527784515,-0.9050797531497118
0,3,1,47.0,1,0,0,0,0,1,1,0.0,0.0,1.0,0.0,0.0,0.0,1.0,0.0,1.345238398576441,-0.2286058134653583
1,2,1,29.0,1,0,0,0,0,1,1,0.0,0.0,1.0,0.0,0.0,0.0,1.0,0.0,-0.008454885664196365,0.3444394801955362
0,2,0,25.0,0,0,0,0,0,1,1,0.0,0.0,1.0,0.0,0.0,1.0,0.0,0.0,-0.3092756154954491,-0.3336984726090336
0,2,0,23.0,0,0,0,0,0,1,1,1.0,0.0,0.0,0.0,0.0,1.0,0.0,0.0,-0.45968598041107545,-0.19287328396337328
1,1,1,19.0,0,2,0,1,0,1,1,0.0,0.0,1.0,0.0,1.0,0.0,0.0,0.0,-0.7605067102423282,0.3552168481314282
0,1,0,37.0,1,0,0,1,0,2,0,0.0,0.0,1.0,0.0,0.0,1.0,0.0,0.0,0.5931865739983091,1.0620380556287106
0,3,0,16.0,0,0,0,0,0,2,0,0.0,0.0,1.0,0.0,0.0,1.0,0.0,0.0,-0.9861222576157678,-0.6589770356240848
0,1,0,24.0,0,0,0,1,0,2,0,1.0,0.0,0.0,0.0,0.0,1.0,0.0,0.0,-0.3844807979532623,1.4685301291949246
0,3,1,21.5,0,2,1,0,0,2,0,1.0,0.0,0.0,0.0,0.0,0.0,1.0,0.0,-0.5724937540977952,-0.1800831698720664
1,3,1,22.0,0,0,0,0,0,1,1,0.0,0.0,1.0,0.0,1.0,0.0,0.0,0.0,-0.5348911628688886,-0.8189865811572414
1,3,1,24.0,1,0,0,0,0,2,0,0.0,0.0,1.0,0.0,0.0,0.0,1.0,0.0,-0.3844807979532623,-0.1423794216910609
0,3,0,19.0,0,0,0,0,0,1,1,0.0,1.0,0.0,0.0,0.0,1.0,0.0,0.0,-0.7605067102423282,-0.9442940832331417
0,2,0,18.0,0,0,0,0,0,1,1,0.0,0.0,1.0,0.0,0.0,1.0,0.0,0.0,-0.8357118927001413,-0.4507125974257932
0,2,0,19.0,1,1,0,0,0,2,0,0.0,0.0,1.0,0.0,0.0,1.0,0.0,0.0,-0.7605067102423282,0.6904870950626278
1,3,0,27.0,0,0,0,0,0,1,1,0.0,0.0,1.0,0.0,0.0,1.0,0.0,0.0,-0.15886525057982273,-0.8135961720983267
0,3,1,9.0,2,2,0,0,0,4,0,0.0,0.0,1.0,0.0,1.0,0.0,0.0,0.0,-1.51255853482046,0.6233938271906204
0,2,0,36.5,0,2,0,1,0,3,0,0.0,0.0,1.0,0.0,0.0,1.0,0.0,0.0,0.5555839827694025,0.3444394801955362
0,2,0,42.0,0,0,0,0,0,1,1,0.0,0.0,1.0,0.0,0.0,0.0,0.0,1.0,0.969212486287375,-0.3336984726090336
0,2,0,51.0,0,0,0,0,0,1,1,0.0,0.0,1.0,0.0,0.0,0.0,0.0,1.0,1.6460591284076938,-0.3693384839068557
1,1,1,22.0,1,0,0,1,0,2,0,0.0,0.0,1.0,0.0,0.0,0.0,1.0,0.0,-0.5348911628688886,1.2920564383571118
0,3,0,55.5,0,0,0,0,0,1,1,0.0,0.0,1.0,0.0,0.0,1.0,0.0,0.0,1.984482449467853,-0.7841792430073967
0,3,0,40.5,0,2,0,0,0,1,1,0.0,0.0,1.0,0.0,0.0,1.0,0.0,0.0,0.8564047126006552,-0.2286058134653583
0,3,0,25.0,0,0,1,0,0,1,1,0.0,0.0,1.0,0.0,0.0,1.0,0.0,0.0,-0.3092756154954491,-0.8719479292525482
0,1,0,51.0,0,1,0,0,0,1,1,1.0,0.0,0.0,0.0,0.0,1.0,0.0,0.0,1.6460591284076938,1.2090665177433995
1,3,1,16.0,0,0,0,0,0,1,1,0.0,1.0,0.0,0.0,1.0,0.0,0.0,0.0,-0.9861222576157678,-0.8209591021193487
0,3,0,30.0,0,0,0,0,0,1,1,0.0,0.0,1.0,0.0,0.0,1.0,0.0,0.0,0.06675029679361683,-0.7841792430073967
0,3,0,25.0,0,0,1,0,0,1,1,0.0,0.0,1.0,0.0,0.0,1.0,0.0,0.0,-0.3092756154954491,-0.7165619336211217
0,3,0,25.0,8,2,1,0,0,7,0,0.0,0.0,1.0,1.0,0.0,0.0,0.0,0.0,-0.3092756154954491,1.3361591794576348
0,3,0,44.0,0,1,0,0,0,1,1,0.0,0.0,1.0,0.0,0.0,1.0,0.0,0.0,1.1196228512030013,-0.12717266791993012
1,2,1,40.0,0,0,0,0,0,1,1,0.0,0.0,1.0,0.0,0.0,0.0,1.0,0.0,0.8188021213717487,-0.1485253917280838
0,3,0,26.0,0,0,0,0,0,1,1,0.0,0.0,1.0,0.0,0.0,1.0,0.0,0.0,-0.23407043303763592,-0.8160407306065733
0,3,0,17.0,0,0,0,0,0,1,1,0.0,0.0,1.0,0.0,0.0,1.0,0.0,0.0,-0.9109170751579546,-0.7165619336211217
0,3,0,1.0,4,1,0,0,0,6,0,0.0,0.0,1.0,1.0,0.0,0.0,0.0,0.0,-2.1141999944829655,0.7678594338107121
1,3,0,9.0,0,2,0,0,0,3,0,0.0,0.0,1.0,1.0,0.0,0.0,0.0,0.0,-1.51255853482046,0.11044794172866994
1,1,1,35.0,0,1,1,1,0,2,0,0.0,0.0,1.0,0.0,0.0,0.0,1.0,0.0,0.4427762090826827,1.0976780669265336
0,3,1,45.0,1,4,0,0,0,6,0,0.0,0.0,1.0,0.0,0.0,0.0,1.0,0.0,1.1948280336608146,0.4146557174979072
0,1,0,40.0,0,0,1,0,0,1,1,0.0,0.0,1.0,0.0,0.0,1.0,0.0,0.0,0.8188021213717487,0.34156737843370105
0,3,0,28.0,0,0,0,0,0,7,0,0.0,0.0,1.0,0.0,0.0,1.0,0.0,0.0,-0.08366006812200955,1.1248955097361604
0,1,0,61.0,0,0,0,1,0,1,1,0.0,0.0,1.0,0.0,0.0,1.0,0.0,0.0,2.3981109529858253,0.5975333003696796
0,3,0,4.0,4,1,0,0,0,5,0,0.0,1.0,0.0,1.0,0.0,0.0,0.0,0.0,-1.8885844471095259,0.457519539438721
1,3,1,1.0,1,1,0,0,0,3,0,0.0,0.0,1.0,0.0,1.0,0.0,0.0,0.0,-2.1141999944829655,-0.48145578049281335
0,3,0,21.0,0,0,0,0,0,1,1,0.0,0.0,1.0,0.0,0.0,1.0,0.0,0.0,-0.6100963453267019,-0.798539974052802
0,1,0,56.0,0,0,0,1,0,1,1,1.0,0.0,0.0,0.0,0.0,1.0,0.0,0.0,2.0220850406967594,0.5100012756239033
0,3,0,18.0,1,1,0,0,0,1,1,0.0,0.0,1.0,0.0,0.0,1.0,0.0,0.0,-0.8357118927001413,-0.806763380796033
0,3,0,25.0,3,1,1,0,0,4,0,0.0,0.0,1.0,1.0,0.0,0.0,0.0,0.0,-0.3092756154954491,0.32384119624754826
0,1,1,50.0,0,0,0,1,0,1,1,1.0,0.0,0.0,0.0,1.0,0.0,0.0,0.0,1.5708539459498805,0.4432836100273541
0,2,0,30.0,0,0,0,0,0,1,1,0.0,0.0,1.0,0.0,0.0,1.0,0.0,0.0,0.06675029679361683,-0.3336984726090336
0,3,0,36.0,0,0,0,0,0,4,0,0.0,0.0,1.0,0.0,0.0,1.0,0.0,0.0,0.5179813915404959,-3.0585777291682934
0,3,1,21.5,8,2,1,0,0,7,0,0.0,0.0,1.0,0.0,1.0,0.0,0.0,0.0,-0.5724937540977952,1.3361591794576348
0,2,0,30.0,0,0,1,0,0,1,1,1.0,0.0,0.0,0.0,0.0,1.0,0.0,0.0,0.06675029679361683,-0.19260305647698941
0,3,0,9.0,4,2,0,0,0,4,0,0.0,0.0,1.0,1.0,0.0,0.0,0.0,0.0,-1.51255853482046,0.5322916934007406
1,2,0,1.0,2,1,0,1,0,2,0,0.0,0.0,1.0,1.0,0.0,0.0,0.0,0.0,-2.1141999944829655,0.750263780890198
1,3,1,4.0,0,2,0,0,0,1,1,0.0,0.0,1.0,0.0,1.0,0.0,0.0,0.0,-1.8885844471095259,0.1800041951014629
0,1,0,40.0,0,0,1,1,0,1,1,0.0,0.0,1.0,0.0,0.0,1.0,0.0,0.0,0.8188021213717487,1.0011105492142125
1,3,1,21.5,1,0,1,0,0,2,0,0.0,1.0,0.0,0.0,0.0,0.0,1.0,0.0,-0.5724937540977952,-0.16405229962564447
1,1,0,45.0,0,0,0,0,0,1,1,0.0,0.0,1.0,0.0,0.0,1.0,0.0,0.0,1.1948280336608146,0.36526093570402607
0,3,0,40.0,1,1,0,0,0,2,0,0.0,1.0,0.0,0.0,0.0,1.0,0.0,0.0,0.8188021213717487,-0.16405229962564447
0,3,0,36.0,0,0,0,0,0,1,1,0.0,0.0,1.0,0.0,0.0,1.0,0.0,0.0,0.5179813915404959,-0.8019236166026618
1,2,1,32.0,0,0,0,0,0,1,1,0.0,0.0,1.0,0.0,0.0,0.0,1.0,0.0,0.2171606617092432,-0.3336984726090336
0,2,0,19.0,0,0,0,0,0,1,1,0.0,0.0,1.0,0.0,0.0,1.0,0.0,0.0,-0.7605067102423282,-0.3336984726090336
1,3,1,19.0,1,0,0,0,0,1,1,0.0,0.0,1.0,0.0,1.0,0.0,0.0,0.0,-0.7605067102423282,-0.806763380796033
1,2,0,3.0,1,1,0,1,0,3,0,0.0,0.0,1.0,1.0,0.0,0.0,0.0,0.0,-1.9637896295673392,0.3444394801955362
1,1,1,44.0,0,0,0,1,0,1,1,1.0,0.0,0.0,0.0,0.0,0.0,1.0,0.0,1.1196228512030013,0.4082334475616762
1,1,1,58.0,0,0,0,1,0,2,0,1.0,0.0,0.0,0.0,1.0,0.0,0.0,0.0,2.172495405612386,2.097794920021772
0,3,0,25.0,0,0,1,0,0,1,1,0.0,1.0,0.0,0.0,0.0,1.0,0.0,0.0,-0.3092756154954491,-0.8189865811572414
0,3,0,42.0,0,1,0,0,0,1,1,0.0,0.0,1.0,0.0,0.0,1.0,0.0,0.0,0.969212486287375,-0.7445391097425897
1,3,1,21.5,0,0,1,0,0,1,1,0.0,1.0,0.0,0.0,1.0,0.0,0.0,0.0,-0.5724937540977952,-0.8189865811572414
0,2,1,24.0,0,0,0,0,0,1,1,0.0,0.0,1.0,0.0,1.0,0.0,0.0,0.0,-0.3844807979532623,-0.3336984726090336
0,3,0,28.0,0,0,0,0,0,1,1,0.0,0.0,1.0,0.0,0.0,1.0,0.0,0.0,-0.08366006812200955,-0.6307359423566569
0,3,0,25.0,8,2,1,0,0,7,0,0.0,0.0,1.0,0.0,0.0,1.0,0.0,0.0,-0.3092756154954491,1.3361591794576348
0,3,0,34.0,0,0,0,0,0,1,1,0.0,0.0,1.0,0.0,0.0,1.0,0.0,0.0,0.36757102662486957,-0.9787286015064478
0,3,0,45.5,0,0,0,0,0,1,1,1.0,0.0,0.0,0.0,0.0,1.0,0.0,0.0,1.2324306248897212,-0.8828741679067217
1,3,0,18.0,0,0,0,0,0,1,1,0.0,0.0,1.0,0.0,0.0,1.0,0.0,0.0,-0.8357118927001413,-0.7841792430073967
0,3,1,2.0,0,1,0,1,0,2,0,0.0,0.0,1.0,0.0,1.0,0.0,0.0,0.0,-2.038994812025152,-0.5401781836878246
0,3,0,32.0,1,0,0,0,0,2,0,0.0,0.0,1.0,0.0,0.0,1.0,0.0,0.0,0.2171606617092432,-0.1423794216910609
1,3,0,26.0,0,0,0,0,0,2,0,1.0,0.0,0.0,0.0,0.0,1.0,0.0,0.0,-0.23407043303763592,0.023546289947323752
1,3,1,16.0,0,0,0,0,0,1,1,0.0,1.0,0.0,0.0,1.0,0.0,0.0,0.0,-0.9861222576157678,-0.8189865811572414
1,1,0,40.0,0,0,0,1,0,1,1,1.0,0.0,0.0,0.0,0.0,1.0,0.0,0.0,0.8188021213717487,0.5198636196706229
0,3,0,24.0,0,0,0,0,0,1,1,0.0,0.0,1.0,0.0,0.0,1.0,0.0,0.0,-0.3844807979532623,-0.9050797531497118
1,2,1,35.0,0,0,0,0,0,1,1,0.0,0.0,1.0,0.0,1.0,0.0,0.0,0.0,0.4427762090826827,0.1329851701219792
0,3,0,22.0,0,0,0,0,0,1,1,0.0,0.0,1.0,0.0,0.0,1.0,0.0,0.0,-0.5348911628688886,-0.8797405693934278
0,2,0,30.0,0,0,0,0,0,1,1,0.0,0.0,1.0,0.0,0.0,1.0,0.0,0.0,0.06675029679361683,-0.3336984726090336
0,3,0,25.0,1,0,1,0,0,1,1,0.0,1.0,0.0,0.0,0.0,1.0,0.0,0.0,-0.3092756154954491,-0.8189865811572414
1,1,1,31.0,1,0,0,1,0,3,0,1.0,0.0,0.0,0.0,1.0,0.0,0.0,0.0,0.14195547925143,1.834129231109428
1,3,1,27.0,0,0,0,0,0,1,1,0.0,0.0,1.0,0.0,1.0,0.0,0.0,0.0,-0.15886525057982273,-0.798539974052802
0,2,0,42.0,1,0,0,0,0,2,0,0.0,0.0,1.0,0.0,0.0,1.0,0.0,0.0,0.969212486287375,0.3819897971587497
1,1,1,32.0,0,0,0,1,0,1,1,1.0,0.0,0.0,0.0,1.0,0.0,0.0,0.0,0.2171606617092432,1.4303920040723752
0,2,0,30.0,0,0,0,0,0,1,1,0.0,0.0,1.0,0.0,0.0,1.0,0.0,0.0,0.06675029679361683,-0.5368057694182641
1,3,0,16.0,0,0,0,0,0,1,1,0.0,0.0,1.0,0.0,0.0,1.0,0.0,0.0,-0.9861222576157678,-0.7841792430073967
0,2,0,27.0,0,0,0,0,0,1,1,0.0,0.0,1.0,0.0,0.0,1.0,0.0,0.0,-0.15886525057982273,-0.3336984726090336
0,3,0,51.0,0,0,0,0,0,1,1,0.0,0.0,1.0,0.0,0.0,1.0,0.0,0.0,1.6460591284076938,-0.7841792430073967
0,3,0,25.0,0,0,1,0,0,1,1,0.0,0.0,1.0,0.0,0.0,1.0,0.0,0.0,-0.3092756154954491,-0.8019236166026618
1,1,0,38.0,1,0,0,1,0,2,0,0.0,0.0,1.0,0.0,0.0,1.0,0.0,0.0,0.6683917564561223,1.5989745568795648
0,3,0,22.0,0,0,0,0,0,1,1,0.0,0.0,1.0,0.0,0.0,1.0,0.0,0.0,-0.5348911628688886,-0.6455926003653025
1,2,0,19.0,0,0,0,0,0,1,1,0.0,0.0,1.0,0.0,0.0,1.0,0.0,0.0,-0.7605067102423282,-0.5368057694182641
0,3,0,20.5,0,0,0,0,0,1,1,0.0,0.0,1.0,0.0,0.0,1.0,0.0,0.0,-0.6476989365556084,-0.8797405693934278
0,2,0,18.0,0,0,0,0,0,1,1,0.0,0.0,1.0,0.0,0.0,1.0,0.0,0.0,-0.8357118927001413,-0.3336984726090336
0,3,1,21.5,3,1,1,0,0,4,0,0.0,0.0,1.0,0.0,1.0,0.0,0.0,0.0,-0.5724937540977952,0.32384119624754826
1,1,1,35.0,1,0,0,1,0,2,0,0.0,0.0,1.0,0.0,0.0,0.0,1.0,0.0,0.4427762090826827,1.5221510751129648
0,3,0,29.0,0,0,0,0,0,1,1,0.0,0.0,1.0,0.0,0.0,1.0,0.0,0.0,-0.008454885664196365,-0.8160407306065733
0,2,0,59.0,0,0,0,0,0,1,1,0.0,0.0,1.0,0.0,0.0,1.0,0.0,0.0,2.2477005880701992,-0.29746598596845064
1,3,1,5.0,4,2,0,0,0,4,0,0.0,0.0,1.0,0.0,1.0,0.0,0.0,0.0,-1.8133792646517128,0.5322916934007406
0,2,0,24.0,0,0,0,0,0,1,1,0.0,0.0,1.0,0.0,0.0,1.0,0.0,0.0,-0.3844807979532623,-0.5368057694182641
0,3,1,21.5,0,0,1,0,0,1,1,0.0,0.0,1.0,0.0,1.0,0.0,0.0,0.0,-0.5724937540977952,-0.8428609376877135
0,2,0,44.0,1,0,0,0,0,1,1,0.0,0.0,1.0,0.0,0.0,1.0,0.0,0.0,1.1196228512030013,0.3444394801955362
1,2,1,8.0,0,2,0,0,0,3,0,0.0,0.0,1.0,0.0,1.0,0.0,0.0,0.0,-1.5877637172782733,0.35395586016517094
0,2,0,19.0,0,0,0,0,0,1,1,0.0,0.0,1.0,0.0,0.0,1.0,0.0,0.0,-0.7605067102423282,-0.5368057694182641
0,2,0,33.0,0,0,0,0,0,1,1,0.0,0.0,1.0,0.0,0.0,1.0,0.0,0.0,0.29236584416705635,-0.3886024739916458
0,3,1,21.5,1,0,1,0,0,2,0,1.0,0.0,0.0,0.0,1.0,0.0,0.0,0.0,-0.5724937540977952,-0.23166125968823223
1,3,1,21.5,1,0,1,0,0,2,0,0.0,1.0,0.0,0.0,1.0,0.0,0.0,0.0,-0.5724937540977952,-0.16405229962564447
0,2,0,29.0,0,0,0,0,0,1,1,0.0,0.0,1.0,0.0,0.0,1.0,0.0,0.0,-0.008454885664196365,-0.5368057694182641
0,3,0,22.0,0,0,0,0,0,1,1,0.0,0.0,1.0,0.0,0.0,1.0,0.0,0.0,-0.5348911628688886,-0.8955045384601199
0,3,0,30.0,0,0,0,0,0,1,1,1.0,0.0,0.0,0.0,0.0,1.0,0.0,0.0,0.06675029679361683,-0.8828741679067217
0,1,0,44.0,2,0,0,1,0,2,0,0.0,1.0,0.0,0.0,0.0,0.0,0.0,1.0,1.1196228512030013,1.5989745568795648
0,3,1,25.0,0,0,0,0,0,1,1,0.0,0.0,1.0,0.0,1.0,0.0,0.0,0.0,-0.3092756154954491,-0.8160407306065733
1,2,1,24.0,0,2,0,0,0,2,0,0.0,0.0,1.0,0.0,0.0,0.0,1.0,0.0,-0.3844807979532623,-0.2286058134653583
1,1,0,37.0,1,1,0,1,0,2,0,0.0,0.0,1.0,0.0,0.0,1.0,0.0,0.0,0.5931865739983091,1.0515683442816504
0,2,0,54.0,1,0,0,0,0,2,0,0.0,0.0,1.0,0.0,0.0,0.0,0.0,1.0,1.8716746757811333,0.3444394801955362
0,3,0,25.0,0,0,1,0,0,1,1,0.0,0.0,1.0,0.0,0.0,1.0,0.0,0.0,-0.3092756154954491,-0.8797405693934278
0,3,1,29.0,1,1,0,1,0,2,0,0.0,0.0,1.0,0.0,0.0,0.0,1.0,0.0,-0.008454885664196365,-0.5401781836878246
0,1,0,62.0,0,0,0,1,0,1,1,0.0,0.0,1.0,0.0,0.0,1.0,0.0,0.0,2.4733161354436386,0.36526093570402607
0,3,0,30.0,1,0,0,0,0,2,0,0.0,0.0,1.0,0.0,0.0,1.0,0.0,0.0,0.06675029679361683,-0.12717266791993012
0,3,1,41.0,0,2,0,0,0,2,0,0.0,0.0,1.0,0.0,0.0,0.0,1.0,0.0,0.8940073038295618,0.09534793704965058
1,3,1,29.0,0,2,0,0,0,1,1,1.0,0.0,0.0,0.0,0.0,0.0,1.0,0.0,-0.008454885664196365,-0.1800831698720664
1,1,1,35.0,0,0,1,0,0,1,1,1.0,0.0,0.0,0.0,0.0,0.0,1.0,0.0,0.4427762090826827,1.4685301291949246
1,1,1,30.0,0,0,0,1,0,3,0,0.0,0.0,1.0,0.0,1.0,0.0,0.0,0.0,0.06675029679361683,1.5584783893656837
1,1,1,35.0,0,0,0,0,0,3,0,1.0,0.0,0.0,0.0,1.0,0.0,0.0,0.0,0.4427762090826827,3.3852937438182273
1,2,1,50.0,0,1,0,0,0,2,0,0.0,0.0,1.0,0.0,0.0,0.0,1.0,0.0,1.5708539459498805,0.3444394801955362
0,3,0,25.0,0,0,1,0,0,1,1,0.0,1.0,0.0,0.0,0.0,1.0,0.0,0.0,-0.3092756154954491,-0.8189865811572414
1,3,0,3.0,4,2,0,0,0,4,0,0.0,0.0,1.0,1.0,0.0,0.0,0.0,0.0,-1.9637896295673392,0.5322916934007406
0,1,0,52.0,1,1,0,1,0,3,0,0.0,0.0,1.0,0.0,0.0,1.0,0.0,0.0,1.7212643108655068,1.4743073772537167
0,1,0,40.0,0,0,0,1,0,1,1,0.0,0.0,1.0,0.0,0.0,1.0,0.0,0.0,0.8188021213717487,-3.0585777291682934
0,3,1,21.5,0,0,1,0,0,1,1,0.0,1.0,0.0,0.0,1.0,0.0,0.0,0.0,-0.5724937540977952,-0.8189865811572414
0,2,0,36.0,0,0,0,0,0,1,1,0.0,0.0,1.0,0.0,0.0,1.0,0.0,0.0,0.5179813915404959,-0.5368057694182641
0,3,0,16.0,4,1,0,0,0,6,0,0.0,0.0,1.0,0.0,0.0,1.0,0.0,0.0,-0.9861222576157678,0.7678594338107121
1,3,0,25.0,1,0,0,0,0,1,1,0.0,0.0,1.0,0.0,0.0,1.0,0.0,0.0,-0.3092756154954491,-0.8160407306065733
1,1,1,58.0,0,1,0,1,0,3,0,0.0,0.0,1.0,0.0,0.0,0.0,1.0,0.0,2.172495405612386,2.14527242190355
1,1,1,35.0,0,0,0,1,0,3,0,0.0,0.0,1.0,0.0,1.0,0.0,0.0,0.0,0.4427762090826827,2.0186331792044068
0,1,0,40.0,0,0,1,0,0,2,0,0.0,0.0,1.0,0.0,0.0,1.0,0.0,0.0,0.8188021213717487,0.5198636196706229
1,3,0,25.0,0,0,0,0,0,4,0,0.0,0.0,1.0,0.0,0.0,1.0,0.0,0.0,-0.3092756154954491,-3.0585777291682934
1,2,1,41.0,0,1,0,0,0,2,0,0.0,0.0,1.0,0.0,0.0,0.0,1.0,0.0,0.8940073038295618,0.06007112543995847
0,1,0,37.0,0,1,0,1,0,1,1,1.0,0.0,0.0,0.0,0.0,1.0,0.0,0.0,0.5931865739983091,0.4770416648490861
1,3,1,21.5,0,0,1,0,0,1,1,0.0,1.0,0.0,0.0,1.0,0.0,0.0,0.0,-0.5724937540977952,-0.8189865811572414
1,1,1,63.0,1,0,0,1,0,3,0,0.0,0.0,1.0,0.0,1.0,0.0,0.0,0.0,2.548521317901452,1.452419049919151
0,3,1,45.0,0,0,0,0,0,1,1,0.0,0.0,1.0,0.0,1.0,0.0,0.0,0.0,1.1948280336608146,-0.8189865811572414
0,2,0,30.0,0,0,1,0,0,3,0,0.0,0.0,1.0,0.0,0.0,1.0,0.0,0.0,0.06675029679361683,-3.0585777291682934
0,3,0,7.0,4,1,0,0,0,5,0,0.0,1.0,0.0,1.0,0.0,0.0,0.0,0.0,-1.6629688997360863,0.457519539438721
1,3,1,35.0,1,1,0,0,0,2,0,0.0,0.0,1.0,0.0,0.0,0.0,1.0,0.0,0.4427762090826827,0.0971716406458445
0,3,0,65.0,0,0,0,0,0,1,1,0.0,1.0,0.0,0.0,0.0,1.0,0.0,0.0,2.6989316828170784,-0.8189865811572414
0,3,0,28.0,0,0,0,0,0,1,1,0.0,0.0,1.0,0.0,0.0,1.0,0.0,0.0,-0.08366006812200955,-0.806763380796033
0,3,0,16.0,0,0,0,0,0,1,1,0.0,0.0,1.0,0.0,0.0,1.0,0.0,0.0,-0.9861222576157678,-0.6307359423566569
1,3,0,19.0,0,0,0,0,0,1,1,0.0,0.0,1.0,0.0,0.0,1.0,0.0,0.0,-0.7605067102423282,-0.7841792430073967
0,1,0,40.0,0,0,1,1,0,1,1,0.0,0.0,1.0,0.0,0.0,1.0,0.0,0.0,0.8188021213717487,0.3444394801955362
0,3,0,33.0,0,0,0,0,0,1,1,1.0,0.0,0.0,0.0,0.0,1.0,0.0,0.0,0.29236584416705635,-0.7165619336211217
1,3,0,30.0,0,0,0,0,0,1,1,0.0,0.0,1.0,0.0,0.0,1.0,0.0,0.0,0.06675029679361683,-0.6307359423566569
0,3,0,22.0,0,0,0,0,0,1,1,0.0,0.0,1.0,0.0,0.0,1.0,0.0,0.0,-0.5348911628688886,-0.8019236166026618
1,2,0,42.0,0,0,0,0,0,1,1,0.0,0.0,1.0,0.0,0.0,1.0,0.0,0.0,0.969212486287375,-0.3336984726090336
1,3,1,22.0,0,0,0,0,0,1,1,0.0,1.0,0.0,0.0,1.0,0.0,0.0,0.0,-0.5348911628688886,-0.8189865811572414
1,1,1,26.0,0,0,0,0,0,2,0,0.0,0.0,1.0,0.0,1.0,0.0,0.0,0.0,-0.23407043303763592,1.464014258564117
1,1,1,19.0,1,0,0,1,0,2,0,1.0,0.0,0.0,0.0,0.0,0.0,1.0,0.0,-0.7605067102423282,1.6111475224786775
0,2,0,36.0,0,0,0,1,0,1,1,1.0,0.0,0.0,0.0,0.0,1.0,0.0,0.0,0.5179813915404959,-0.3429588030007618
0,3,1,24.0,0,0,0,0,0,1,1,0.0,0.0,1.0,0.0,1.0,0.0,0.0,0.0,-0.3844807979532623,-0.6967178907118832
0,3,0,24.0,0,0,0,0,0,1,1,0.0,0.0,1.0,0.0,0.0,1.0,0.0,0.0,-0.3844807979532623,-0.8019236166026618
0,1,0,40.0,0,0,1,0,0,1,1,1.0,0.0,0.0,0.0,0.0,1.0,0.0,0.0,0.8188021213717487,0.4082334475616762
0,3,0,23.5,0,0,0,0,0,1,1,1.0,0.0,0.0,0.0,0.0,1.0,0.0,0.0,-0.42208338918216887,-0.8823470582632056
0,1,1,2.0,1,2,0,1,0,4,0,0.0,0.0,1.0,0.0,1.0,0.0,0.0,0.0,-2.038994812025152,2.132408321022389
1,1,0,40.0,0,0,1,1,0,1,1,0.0,0.0,1.0,0.0,0.0,1.0,0.0,0.0,0.8188021213717487,0.5036031274312862
1,1,1,50.0,0,1,0,1,0,2,0,1.0,0.0,0.0,0.0,0.0,0.0,1.0,0.0,1.5708539459498805,2.6363132839087284
1,3,1,21.5,0,0,1,0,0,1,1,0.0,1.0,0.0,0.0,1.0,0.0,0.0,0.0,-0.5724937540977952,-0.8189865811572414
1,3,0,25.0,2,0,1,0,0,2,0,0.0,1.0,0.0,0.0,0.0,1.0,0.0,0.0,-0.3092756154954491,0.23352593393921808
0,3,0,19.0,0,0,0,0,0,4,0,0.0,0.0,1.0,0.0,0.0,1.0,0.0,0.0,-0.7605067102423282,-3.0585777291682934
1,2,1,28.0,0,0,1,1,0,1,1,0.0,1.0,0.0,0.0,1.0,0.0,0.0,0.0,-0.08366006812200955,-0.38278544498532663
0,3,0,25.0,0,0,1,0,0,1,1,0.0,0.0,1.0,0.0,0.0,1.0,0.0,0.0,-0.3092756154954491,-0.7841792430073967
1,1,0,0.92,1,2,0,1,0,4,0,0.0,0.0,1.0,1.0,0.0,0.0,0.0,0.0,-2.1202164090795903,2.132408321022389
1,1,1,35.0,0,0,1,0,0,4,0,1.0,0.0,0.0,0.0,1.0,0.0,0.0,0.0,0.4427762090826827,1.812289926928167
1,1,1,17.0,1,0,0,1,0,2,0,1.0,0.0,0.0,0.0,0.0,0.0,1.0,0.0,-0.9109170751579546,1.7938227894866787
0,2,0,30.0,1,0,0,0,0,2,0,1.0,0.0,0.0,0.0,0.0,1.0,0.0,0.0,0.06675029679361683,0.26497567234198965
1,1,1,30.0,0,0,0,1,0,2,0,1.0,0.0,0.0,0.0,1.0,0.0,0.0,0.0,0.06675029679361683,1.1326493972880125
1,1,1,24.0,0,0,0,1,0,2,0,1.0,0.0,0.0,0.0,1.0,0.0,0.0,0.0,-0.3844807979532623,1.5182728441543658
1,1,1,18.0,2,2,0,1,0,2,0,1.0,0.0,0.0,0.0,1.0,0.0,0.0,0.0,-0.8357118927001413,2.6962534687059603
0,2,1,26.0,1,1,0,0,0,1,1,0.0,0.0,1.0,0.0,0.0,0.0,1.0,0.0,-0.23407043303763592,0.3444394801955362
0,3,0,28.0,0,0,0,0,0,1,1,0.0,0.0,1.0,0.0,0.0,1.0,0.0,0.0,-0.08366006812200955,-0.8019236166026618
0,2,0,43.0,1,1,0,0,0,3,0,0.0,0.0,1.0,0.0,0.0,1.0,0.0,0.0,1.0444176687451883,0.35395586016517094
1,3,1,26.0,0,0,0,0,0,1,1,0.0,0.0,1.0,0.0,1.0,0.0,0.0,0.0,-0.23407043303763592,-0.806763380796033
1,2,1,24.0,1,0,0,0,0,2,0,0.0,0.0,1.0,0.0,0.0,0.0,1.0,0.0,-0.3844807979532623,0.3444394801955362
0,2,0,54.0,0,0,0,0,0,1,1,0.0,0.0,1.0,0.0,0.0,0.0,0.0,1.0,1.8716746757811333,-0.2624619586252086
1,1,1,31.0,0,2,0,1,0,2,0,0.0,0.0,1.0,0.0,1.0,0.0,0.0,0.0,0.14195547925143,2.218822021910339
1,1,1,40.0,1,1,0,1,0,2,0,1.0,0.0,0.0,0.0,0.0,0.0,1.0,0.0,0.8188021213717487,2.010033264475824
0,3,0,22.0,0,0,0,0,0,1,1,0.0,0.0,1.0,0.0,0.0,1.0,0.0,0.0,-0.5348911628688886,-0.8797405693934278
0,3,0,27.0,0,0,0,0,0,1,1,0.0,0.0,1.0,0.0,0.0,1.0,0.0,0.0,-0.15886525057982273,-0.8019236166026618
1,2,1,30.0,0,0,0,0,0,1,1,0.0,1.0,0.0,0.0,1.0,0.0,0.0,0.0,0.06675029679361683,-0.38278544498532663
1,2,1,22.0,1,1,0,0,0,2,0,0.0,0.0,1.0,0.0,0.0,0.0,1.0,0.0,-0.5348911628688886,0.4532263111425748
0,3,0,25.0,8,2,1,0,0,7,0,0.0,0.0,1.0,0.0,0.0,1.0,0.0,0.0,-0.3092756154954491,1.3361591794576348
1,1,1,36.0,0,0,0,1,0,3,0,1.0,0.0,0.0,0.0,1.0,0.0,0.0,0.0,0.5179813915404959,2.0186331792044068
0,3,0,61.0,0,0,0,0,0,1,1,0.0,0.0,1.0,0.0,0.0,1.0,0.0,0.0,2.3981109529858253,-1.0149359989180027
1,2,1,36.0,0,0,0,1,0,1,1,0.0,0.0,1.0,0.0,0.0,0.0,1.0,0.0,0.5179813915404959,-0.3336984726090336
1,3,1,31.0,1,1,0,0,0,3,0,0.0,0.0,1.0,0.0,0.0,0.0,1.0,0.0,0.14195547925143,0.11044794172866994
1,1,1,16.0,0,1,0,1,0,2,0,1.0,0.0,0.0,0.0,1.0,0.0,0.0,0.0,-0.9861222576157678,1.1511968252901217
1,3,1,21.5,2,0,1,0,0,2,0,0.0,1.0,0.0,0.0,1.0,0.0,0.0,0.0,-0.5724937540977952,0.23352593393921808
0,1,0,45.5,0,0,0,1,0,1,1,0.0,0.0,1.0,0.0,0.0,1.0,0.0,0.0,1.2324306248897212,0.4358726267231761
0,1,0,38.0,0,1,0,1,0,3,0,0.0,0.0,1.0,0.0,0.0,1.0,0.0,0.0,0.6683917564561223,2.14527242190355
0,3,0,16.0,2,0,0,0,0,2,0,0.0,0.0,1.0,0.0,0.0,1.0,0.0,0.0,-0.9861222576157678,-0.01838583697289204
1,1,1,35.0,1,0,1,0,0,2,0,0.0,0.0,1.0,0.0,0.0,0.0,1.0,0.0,0.4427762090826827,2.003535801391161
0,3,0,25.0,0,0,1,0,0,1,1,0.0,0.0,1.0,0.0,0.0,1.0,0.0,0.0,-0.3092756154954491,-0.8019236166026618
0,1,0,29.0,1,0,0,1,0,2,0,0.0,0.0,1.0,0.0,0.0,1.0,0.0,0.0,-0.008454885664196365,1.2920564383571118
1,1,1,41.0,0,0,0,1,0,2,0,1.0,0.0,0.0,0.0,1.0,0.0,0.0,0.0,0.8940073038295618,2.010033264475824
1,3,0,45.0,0,0,0,0,0,1,1,0.0,0.0,1.0,0.0,0.0,1.0,0.0,0.0,1.1948280336608146,-0.7841792430073967
0,1,0,45.0,0,0,0,1,0,1,1,0.0,0.0,1.0,0.0,0.0,1.0,0.0,0.0,1.1948280336608146,0.6557188297748954
1,2,0,2.0,1,1,0,1,0,3,0,0.0,0.0,1.0,1.0,0.0,0.0,0.0,0.0,-2.038994812025152,0.3444394801955362
1,1,1,24.0,3,2,0,1,0,4,0,0.0,0.0,1.0,0.0,1.0,0.0,0.0,0.0,-0.3844807979532623,2.6987007794454887
0,2,0,28.0,0,0,0,0,0,1,1,0.0,0.0,1.0,0.0,0.0,1.0,0.0,0.0,-0.08366006812200955,-0.3336984726090336
0,2,0,25.0,0,0,0,0,0,1,1,0.0,0.0,1.0,0.0,0.0,1.0,0.0,0.0,-0.3092756154954491,-0.3336984726090336
0,2,0,36.0,0,0,0,0,0,1,1,0.0,0.0,1.0,0.0,0.0,1.0,0.0,0.0,0.5179813915404959,-0.3336984726090336
1,2,1,24.0,0,0,0,1,0,1,1,0.0,0.0,1.0,0.0,1.0,0.0,0.0,0.0,-0.3844807979532623,-0.3336984726090336
1,2,1,40.0,0,0,0,0,0,1,1,0.0,0.0,1.0,0.0,1.0,0.0,0.0,0.0,0.8188021213717487,-0.3336984726090336
1,3,1,21.5,1,0,1,0,0,1,1,0.0,0.0,1.0,0.0,0.0,0.0,1.0,0.0,-0.5724937540977952,-0.12717266791993012
1,3,0,3.0,1,1,0,0,0,2,0,0.0,0.0,1.0,1.0,0.0,0.0,0.0,0.0,-1.9637896295673392,-0.1393201011784549
0,3,0,42.0,0,0,0,0,0,1,1,0.0,0.0,1.0,0.0,0.0,1.0,0.0,0.0,0.969212486287375,-0.7165619336211217
0,3,0,23.0,0,0,0,0,0,1,1,0.0,0.0,1.0,0.0,0.0,1.0,0.0,0.0,-0.45968598041107545,-0.658138561741074
0,1,0,40.0,0,0,1,1,0,1,1,0.0,0.0,1.0,0.0,0.0,1.0,0.0,0.0,0.8188021213717487,0.6414769499431594
0,3,0,15.0,1,1,0,0,0,1,1,1.0,0.0,0.0,0.0,0.0,1.0,0.0,0.0,-1.061327440073581,-0.8823470582632056
0,3,0,25.0,1,0,0,0,0,2,0,0.0,0.0,1.0,0.0,0.0,1.0,0.0,0.0,-0.3092756154954491,-0.029312075627065143
0,3,0,25.0,0,0,1,0,0,1,1,1.0,0.0,0.0,0.0,0.0,1.0,0.0,0.0,-0.3092756154954491,-0.8828741679067217
0,3,0,28.0,0,0,0,0,0,1,1,0.0,0.0,1.0,0.0,0.0,1.0,0.0,0.0,-0.08366006812200955,-0.6307359423566569
1,1,1,22.0,0,1,0,1,0,2,0,0.0,0.0,1.0,0.0,1.0,0.0,0.0,0.0,-0.5348911628688886,1.0976780669265336
0,2,1,38.0,0,0,0,0,0,1,1,0.0,0.0,1.0,0.0,1.0,0.0,0.0,0.0,0.6683917564561223,-0.3336984726090336
1,3,1,21.5,0,0,1,0,0,1,1,0.0,1.0,0.0,0.0,1.0,0.0,0.0,0.0,-0.5724937540977952,-0.8038521494426432
1,3,1,21.5,0,0,1,0,0,1,1,0.0,1.0,0.0,0.0,1.0,0.0,0.0,0.0,-0.5724937540977952,-0.8038521494426432
0,3,0,40.0,1,4,0,0,0,6,0,0.0,0.0,1.0,0.0,0.0,1.0,0.0,0.0,0.8188021213717487,0.4146557174979072
0,2,0,29.0,1,0,0,0,0,1,1,1.0,0.0,0.0,0.0,0.0,1.0,0.0,0.0,-0.008454885664196365,0.4082334475616762
0,3,1,45.0,0,1,0,0,0,2,0,1.0,0.0,0.0,0.0,0.0,0.0,1.0,0.0,1.1948280336608146,-0.23166125968823223
0,3,0,35.0,0,0,0,0,0,1,1,0.0,0.0,1.0,0.0,0.0,1.0,0.0,0.0,0.4427762090826827,-0.9050797531497118
0,3,0,25.0,1,0,1,0,0,2,0,0.0,1.0,0.0,0.0,0.0,1.0,0.0,0.0,-0.3092756154954491,-0.16405229962564447
0,3,0,30.0,0,0,0,0,0,1,1,0.0,0.0,1.0,0.0,0.0,1.0,0.0,0.0,0.06675029679361683,-0.8797405693934278
1,1,1,60.0,1,0,0,1,0,1,1,1.0,0.0,0.0,0.0,0.0,0.0,1.0,0.0,2.3229057705280125,1.4163815756188534
1,3,1,21.5,0,0,1,0,0,1,1,1.0,0.0,0.0,0.0,0.0,0.0,1.0,0.0,-0.5724937540977952,-0.8823470582632056
1,3,1,21.5,0,0,1,0,0,1,1,0.0,1.0,0.0,0.0,1.0,0.0,0.0,0.0,-0.5724937540977952,-0.8189865811572414
1,1,1,24.0,0,0,0,1,0,2,0,1.0,0.0,0.0,0.0,0.0,0.0,0.0,1.0,-0.3844807979532623,1.3324938581871215
1,1,0,25.0,1,0,0,1,0,1,1,1.0,0.0,0.0,0.0,0.0,1.0,0.0,0.0,-0.3092756154954491,1.1057901177672143
0,3,0,18.0,1,0,0,0,0,1,1,0.0,0.0,1.0,0.0,0.0,1.0,0.0,0.0,-0.8357118927001413,-0.9787286015064478
0,3,0,19.0,0,0,0,0,0,1,1,0.0,0.0,1.0,0.0,0.0,1.0,0.0,0.0,-0.7605067102423282,-0.7841792430073967
0,1,0,22.0,0,0,0,0,0,3,0,1.0,0.0,0.0,0.0,0.0,1.0,0.0,0.0,-0.5348911628688886,2.0186331792044068
0,3,1,3.0,3,1,0,0,0,4,0,0.0,0.0,1.0,0.0,1.0,0.0,0.0,0.0,-1.9637896295673392,0.1364991380659541
1,1,1,35.0,1,0,1,0,0,2,0,1.0,0.0,0.0,0.0,0.0,0.0,1.0,0.0,0.4427762090826827,1.5060857797883969
1,3,1,22.0,0,0,0,0,0,1,1,0.0,0.0,1.0,0.0,1.0,0.0,0.0,0.0,-0.5348911628688886,-0.8797405693934278
0,1,0,27.0,0,2,0,1,0,1,1,1.0,0.0,0.0,0.0,0.0,1.0,0.0,0.0,-0.15886525057982273,2.4746366111687697
0,3,0,20.0,0,0,0,0,0,1,1,1.0,0.0,0.0,0.0,0.0,1.0,0.0,0.0,-0.685301527784515,-1.3942229498762084
0,3,0,19.0,0,0,0,0,0,1,1,0.0,0.0,1.0,0.0,0.0,1.0,0.0,0.0,-0.7605067102423282,-0.8160407306065733
1,1,1,42.0,0,0,0,0,0,4,0,1.0,0.0,0.0,0.0,1.0,0.0,0.0,0.0,0.969212486287375,2.5497045522452972
1,3,1,1.0,0,2,0,0,0,2,0,1.0,0.0,0.0,0.0,1.0,0.0,0.0,0.0,-2.1141999944829655,-0.14903715526900022
0,3,0,32.0,0,0,0,0,0,1,1,0.0,0.0,1.0,0.0,0.0,1.0,0.0,0.0,0.2171606617092432,-0.798539974052802
1,1,1,35.0,1,0,0,0,0,2,0,0.0,0.0,1.0,0.0,0.0,0.0,1.0,0.0,0.4427762090826827,1.0408277503255374
0,3,0,25.0,0,0,1,0,0,1,1,0.0,0.0,1.0,0.0,0.0,1.0,0.0,0.0,-0.3092756154954491,-0.8019236166026618
0,2,0,18.0,0,0,0,0,0,5,0,0.0,0.0,1.0,0.0,0.0,1.0,0.0,0.0,-0.8357118927001413,1.3924082286355355
0,3,0,1.0,5,2,0,0,0,6,0,0.0,0.0,1.0,1.0,0.0,0.0,0.0,0.0,-2.1141999944829655,0.936361092700485
1,2,1,36.0,0,0,0,0,0,1,1,0.0,0.0,1.0,0.0,1.0,0.0,0.0,0.0,0.5179813915404959,-0.3336984726090336
0,3,0,25.0,0,0,1,0,0,1,1,0.0,1.0,0.0,0.0,0.0,1.0,0.0,0.0,-0.3092756154954491,-0.8214439504217126
1,2,1,17.0,0,0,0,0,0,1,1,1.0,0.0,0.0,0.0,1.0,0.0,0.0,0.0,-0.9109170751579546,-0.4102164299119116
1,1,0,36.0,1,2,0,1,0,4,0,0.0,0.0,1.0,0.0,0.0,1.0,0.0,0.0,0.5179813915404959,1.8931715298766851
1,3,0,21.0,0,0,0,0,0,1,1,0.0,0.0,1.0,0.0,0.0,1.0,0.0,0.0,-0.6100963453267019,-0.8135961720983267
0,3,0,28.0,2,0,0,0,0,1,1,0.0,0.0,1.0,0.0,0.0,1.0,0.0,0.0,-0.08366006812200955,-0.798539974052802
1,1,1,23.0,1,0,0,1,0,3,0,1.0,0.0,0.0,0.0,1.0,0.0,0.0,0.0,-0.45968598041107545,1.834129231109428
1,3,1,24.0,0,2,0,1,0,2,0,0.0,0.0,1.0,0.0,0.0,0.0,1.0,0.0,-0.3844807979532623,-0.09156500424402261
0,3,0,22.0,0,0,0,0,0,1,1,0.0,0.0,1.0,0.0,0.0,1.0,0.0,0.0,-0.5348911628688886,-0.8135961720983267
0,3,1,31.0,0,0,0,0,0,1,1,0.0,0.0,1.0,0.0,1.0,0.0,0.0,0.0,0.14195547925143,-0.806763380796033
0,2,0,46.0,0,0,0,0,0,2,0,0.0,0.0,1.0,0.0,0.0,1.0,0.0,0.0,1.2700332161186279,0.3444394801955362
0,2,0,23.0,0,0,0,0,0,1,1,0.0,0.0,1.0,0.0,0.0,0.0,0.0,1.0,-0.45968598041107545,-0.5368057694182641
1,2,1,28.0,0,0,0,0,0,1,1,0.0,0.0,1.0,0.0,0.0,0.0,1.0,0.0,-0.08366006812200955,-0.35983961362319966
1,3,0,39.0,0,0,0,0,0,1,1,0.0,0.0,1.0,0.0,0.0,1.0,0.0,0.0,0.7435969389139355,-0.798539974052802
0,3,0,26.0,0,0,0,0,0,1,1,0.0,0.0,1.0,0.0,0.0,1.0,0.0,0.0,-0.23407043303763592,-0.7841792430073967
0,3,1,21.0,1,0,0,0,0,1,1,0.0,0.0,1.0,0.0,1.0,0.0,0.0,0.0,-0.6100963453267019,-0.5992616204389827
0,3,0,28.0,1,0,0,0,0,2,0,0.0,0.0,1.0,0.0,0.0,1.0,0.0,0.0,-0.08366006812200955,-0.1423794216910609
0,3,1,20.0,0,0,0,0,0,1,1,0.0,0.0,1.0,0.0,1.0,0.0,0.0,0.0,-0.685301527784515,-0.7165619336211217
0,2,0,34.0,1,0,0,0,0,1,1,0.0,0.0,1.0,0.0,0.0,1.0,0.0,0.0,0.36757102662486957,0.1329851701219792
0,3,0,51.0,0,0,0,0,0,1,1,0.0,0.0,1.0,0.0,0.0,1.0,0.0,0.0,1.6460591284076938,-0.8189865811572414
1,2,0,3.0,1,1,0,0,0,3,0,0.0,0.0,1.0,1.0,0.0,0.0,0.0,0.0,-1.9637896295673392,0.021587667954472933
0,3,0,21.0,0,0,0,0,0,1,1,0.0,0.0,1.0,0.0,0.0,1.0,0.0,0.0,-0.6100963453267019,-0.8160407306065733
0,3,1,21.5,3,1,1,0,0,4,0,0.0,0.0,1.0,0.0,1.0,0.0,0.0,0.0,-0.5724937540977952,0.32384119624754826
0,3,0,25.0,0,0,1,0,0,1,1,0.0,0.0,1.0,0.0,0.0,1.0,0.0,0.0,-0.3092756154954491,-0.8019236166026618
0,3,0,25.0,0,0,1,0,0,1,1,0.0,1.0,0.0,0.0,0.0,1.0,0.0,0.0,-0.3092756154954491,-0.9299653348541039
1,1,1,33.0,1,0,0,1,0,2,0,0.0,1.0,0.0,0.0,1.0,0.0,0.0,0.0,0.29236584416705635,1.5989745568795648
0,2,0,30.0,0,0,1,0,0,3,0,0.0,0.0,1.0,0.0,0.0,1.0,0.0,0.0,0.06675029679361683,-3.0585777291682934
1,3,0,44.0,0,0,0,0,0,1,1,0.0,0.0,1.0,0.0,0.0,1.0,0.0,0.0,1.1196228512030013,-0.798539974052802
0,3,1,21.5,0,0,1,0,0,1,1,0.0,0.0,1.0,0.0,0.0,0.0,1.0,0.0,-0.5724937540977952,-0.7841792430073967
1,2,1,34.0,1,1,0,0,0,1,1,0.0,0.0,1.0,0.0,0.0,0.0,1.0,0.0,0.36757102662486957,0.5671628780396996
1,2,1,18.0,0,2,0,0,0,1,1,0.0,0.0,1.0,0.0,1.0,0.0,0.0,0.0,-0.8357118927001413,-0.3336984726090336
0,2,0,30.0,0,0,0,0,0,1,1,0.0,0.0,1.0,0.0,0.0,1.0,0.0,0.0,0.06675029679361683,-0.3336984726090336
0,3,1,10.0,0,2,0,0,0,3,0,0.0,0.0,1.0,0.0,1.0,0.0,0.0,0.0,-1.437353352362647,0.2711522804976662
0,3,0,25.0,0,0,1,0,0,1,1,1.0,0.0,0.0,0.0,0.0,1.0,0.0,0.0,-0.3092756154954491,-0.8019236166026618
0,3,0,21.0,0,0,0,0,0,1,1,0.0,1.0,0.0,0.0,0.0,1.0,0.0,0.0,-0.6100963453267019,-0.8209591021193487
0,3,0,29.0,0,0,0,0,0,1,1,0.0,0.0,1.0,0.0,0.0,1.0,0.0,0.0,-0.008454885664196365,-0.804340663003928
0,3,1,28.0,1,1,0,0,0,2,0,0.0,0.0,1.0,0.0,0.0,0.0,1.0,0.0,-0.08366006812200955,-0.23528881360946907
0,3,0,18.0,1,1,0,0,0,2,0,0.0,0.0,1.0,0.0,0.0,1.0,0.0,0.0,-0.8357118927001413,0.09534793704965058
0,3,0,25.0,0,0,1,0,0,1,1,0.0,0.0,1.0,0.0,0.0,1.0,0.0,0.0,-0.3092756154954491,-0.8797405693934278
1,2,1,28.0,1,0,0,0,0,1,1,0.0,0.0,1.0,0.0,0.0,0.0,1.0,0.0,-0.08366006812200955,0.3444394801955362
1,2,1,19.0,0,0,0,0,0,2,0,0.0,0.0,1.0,0.0,1.0,0.0,0.0,0.0,-0.7605067102423282,0.3444394801955362
0,3,0,25.0,0,0,1,0,0,1,1,0.0,1.0,0.0,0.0,0.0,1.0,0.0,0.0,-0.3092756154954491,-0.8189865811572414
1,3,0,32.0,0,0,0,1,0,1,1,0.0,0.0,1.0,0.0,0.0,1.0,0.0,0.0,0.2171606617092432,-0.7841792430073967
1,1,0,28.0,0,0,0,1,0,1,1,0.0,0.0,1.0,0.0,0.0,1.0,0.0,0.0,-0.08366006812200955,0.36526093570402607
1,3,1,21.5,1,0,1,0,0,2,0,0.0,0.0,1.0,0.0,0.0,0.0,1.0,0.0,-0.5724937540977952,-0.12717266791993012
1,2,1,42.0,1,0,0,0,0,1,1,0.0,0.0,1.0,0.0,0.0,0.0,1.0,0.0,0.969212486287375,0.3444394801955362
0,3,0,17.0,0,0,0,0,0,1,1,0.0,0.0,1.0,0.0,0.0,1.0,0.0,0.0,-0.9109170751579546,-0.8955045384601199
0,1,0,50.0,1,0,0,1,0,2,0,0.0,0.0,1.0,0.0,0.0,1.0,0.0,0.0,1.5708539459498805,1.1141402035210881
1,1,1,14.0,1,2,0,1,0,4,0,0.0,0.0,1.0,0.0,1.0,0.0,0.0,0.0,-1.136532622531394,1.8931715298766851
0,3,1,21.0,2,2,0,0,0,4,0,0.0,0.0,1.0,0.0,1.0,0.0,0.0,0.0,-0.6100963453267019,0.6233938271906204
1,2,1,24.0,2,3,0,0,0,3,0,0.0,0.0,1.0,0.0,0.0,0.0,1.0,0.0,-0.3844807979532623,0.021587667954472933
0,1,0,64.0,1,4,0,1,0,4,0,0.0,0.0,1.0,0.0,0.0,1.0,0.0,0.0,2.623726500359265,2.6987007794454887
0,2,0,31.0,0,0,0,0,0,1,1,0.0,0.0,1.0,0.0,0.0,1.0,0.0,0.0,0.14195547925143,-0.5368057694182641
1,2,1,45.0,1,1,0,0,0,3,0,0.0,0.0,1.0,0.0,0.0,0.0,1.0,0.0,1.1948280336608146,0.35395586016517094
0,3,0,20.0,0,0,0,0,0,1,1,0.0,0.0,1.0,0.0,0.0,1.0,0.0,0.0,-0.685301527784515,-0.6307359423566569
0,3,0,25.0,1,0,0,0,0,1,1,0.0,0.0,1.0,0.0,0.0,1.0,0.0,0.0,-0.3092756154954491,-0.8160407306065733
1,2,1,28.0,0,0,0,0,0,1,1,0.0,0.0,1.0,0.0,0.0,0.0,0.0,1.0,-0.08366006812200955,-0.3336984726090336
1,3,0,25.0,0,0,1,0,0,1,1,0.0,0.0,1.0,0.0,0.0,1.0,0.0,0.0,-0.3092756154954491,-0.7770730902669089
1,1,0,4.0,0,2,0,1,0,1,1,0.0,0.0,1.0,1.0,0.0,0.0,0.0,0.0,-1.8885844471095259,1.5021989568725875
1,2,1,13.0,0,1,0,0,0,2,0,0.0,0.0,1.0,0.0,1.0,0.0,0.0,0.0,-1.2117378049892074,0.06007112543995847
1,1,0,34.0,0,0,0,0,0,1,1,0.0,0.0,1.0,0.0,0.0,1.0,0.0,0.0,0.36757102662486957,0.36526093570402607
1,3,1,5.0,2,1,0,0,0,4,0,1.0,0.0,0.0,0.0,1.0,0.0,0.0,0.0,-1.8133792646517128,0.047825129435189045
1,1,0,52.0,0,0,0,1,0,1,1,0.0,0.0,1.0,0.0,0.0,0.0,0.0,1.0,1.7212643108655068,0.5036031274312862
0,2,0,36.0,1,2,0,0,0,3,0,0.0,0.0,1.0,0.0,0.0,1.0,0.0,0.0,0.5179813915404959,0.40928266156909443
0,3,0,25.0,1,0,1,0,0,1,1,0.0,0.0,1.0,0.0,0.0,1.0,0.0,0.0,-0.3092756154954491,0.0833137463231359
0,1,0,30.0,0,0,0,1,0,1,1,1.0,0.0,0.0,0.0,0.0,1.0,0.0,0.0,0.06675029679361683,0.40928266156909443
1,1,0,49.0,1,0,0,1,0,2,0,1.0,0.0,0.0,0.0,0.0,1.0,0.0,0.0,1.4956487634920672,1.588760118059578
0,3,0,25.0,0,0,1,0,0,1,1,0.0,0.0,1.0,0.0,0.0,1.0,0.0,0.0,-0.3092756154954491,-0.7841792430073967
1,3,0,29.0,0,0,0,0,0,1,1,1.0,0.0,0.0,0.0,0.0,1.0,0.0,0.0,-0.008454885664196365,-0.8019236166026618
0,1,0,65.0,0,0,0,1,0,1,1,0.0,0.0,1.0,0.0,0.0,1.0,0.0,0.0,2.6989316828170784,0.36526093570402607
1,1,1,35.0,1,0,1,1,0,1,1,0.0,0.0,1.0,0.0,0.0,0.0,1.0,0.0,0.4427762090826827,1.038145562232327
1,2,1,50.0,0,0,0,0,0,1,1,0.0,0.0,1.0,0.0,1.0,0.0,0.0,0.0,1.5708539459498805,-0.5368057694182641
0,3,0,25.0,0,0,1,0,0,1,1,0.0,1.0,0.0,0.0,0.0,1.0,0.0,0.0,-0.3092756154954491,-0.8189865811572414
1,1,0,48.0,0,0,0,1,0,1,1,0.0,0.0,1.0,0.0,0.0,1.0,0.0,0.0,1.4204435810342542,0.36526093570402607
0,3,0,34.0,0,0,0,0,0,1,1,0.0,0.0,1.0,0.0,0.0,1.0,0.0,0.0,0.36757102662486957,-0.7841792430073967
0,1,0,47.0,0,0,0,1,0,1,1,0.0,0.0,1.0,0.0,0.0,1.0,0.0,0.0,1.345238398576441,0.7372759377222563
0,2,0,48.0,0,0,0,0,0,1,1,0.0,0.0,1.0,0.0,0.0,1.0,0.0,0.0,1.4204435810342542,-0.3336984726090336
0,3,0,25.0,0,0,1,0,0,1,1,0.0,0.0,1.0,0.0,0.0,1.0,0.0,0.0,-0.3092756154954491,-0.7841792430073967
0,3,0,38.0,0,0,0,0,0,1,1,0.0,0.0,1.0,0.0,0.0,1.0,0.0,0.0,0.6683917564561223,-0.9050797531497118
0,2,0,30.0,0,0,1,0,0,3,0,0.0,0.0,1.0,0.0,0.0,1.0,0.0,0.0,0.06675029679361683,-3.0585777291682934
0,1,0,56.0,0,0,0,0,0,1,1,0.0,0.0,1.0,0.0,0.0,1.0,0.0,0.0,2.0220850406967594,0.36526093570402607
0,3,0,25.0,0,0,1,0,0,1,1,0.0,1.0,0.0,0.0,0.0,1.0,0.0,0.0,-0.3092756154954491,-0.8219408604763344
1,3,1,0.75,2,1,0,0,0,4,0,1.0,0.0,0.0,0.0,1.0,0.0,0.0,0.0,-2.1330012900974187,0.047825129435189045
0,3,0,25.0,0,0,1,0,0,1,1,0.0,0.0,1.0,0.0,0.0,1.0,0.0,0.0,-0.3092756154954491,-0.8797405693934278
0,3,0,38.0,0,0,0,0,0,1,1,0.0,0.0,1.0,0.0,0.0,1.0,0.0,0.0,0.6683917564561223,-0.7165619336211217
1,2,1,33.0,1,2,0,0,0,3,0,0.0,0.0,1.0,0.0,0.0,0.0,1.0,0.0,0.29236584416705635,0.40928266156909443
1,2,1,23.0,0,0,0,1,0,1,1,1.0,0.0,0.0,0.0,0.0,0.0,1.0,0.0,-0.45968598041107545,-0.2769007052339032
0,3,1,22.0,0,0,0,0,0,1,1,0.0,0.0,1.0,0.0,1.0,0.0,0.0,0.0,-0.5348911628688886,-0.5980700220174994
0,1,0,40.0,0,0,1,1,0,2,0,0.0,0.0,1.0,0.0,0.0,1.0,0.0,0.0,0.8188021213717487,1.0408277503255374
0,2,0,34.0,1,0,0,0,0,2,0,0.0,0.0,1.0,0.0,0.0,1.0,0.0,0.0,0.36757102662486957,0.1329851701219792
0,3,0,29.0,1,0,0,0,0,1,1,0.0,0.0,1.0,0.0,0.0,1.0,0.0,0.0,-0.008454885664196365,-0.9056185997745971
0,3,0,22.0,0,0,0,0,0,1,1,0.0,0.0,1.0,0.0,0.0,1.0,0.0,0.0,-0.5348911628688886,-0.8463932397472813
1,3,1,2.0,0,1,0,0,0,1,1,0.0,0.0,1.0,0.0,1.0,0.0,0.0,0.0,-2.038994812025152,-0.38763069046803694
0,3,0,9.0,5,2,0,0,0,6,0,0.0,0.0,1.0,1.0,0.0,0.0,0.0,0.0,-1.51255853482046,0.936361092700485
0,2,0,30.0,0,0,1,0,0,1,1,0.0,0.0,1.0,0.0,0.0,1.0,0.0,0.0,0.06675029679361683,-3.0585777291682934
0,3,0,50.0,0,0,0,0,0,1,1,0.0,0.0,1.0,0.0,0.0,1.0,0.0,0.0,1.5708539459498805,-0.7841792430073967
1,3,1,63.0,0,0,0,0,0,1,1,0.0,0.0,1.0,0.0,0.0,0.0,1.0,0.0,2.548521317901452,-0.6221672631581132
1,1,0,25.0,1,0,0,1,0,2,0,1.0,0.0,0.0,0.0,0.0,1.0,0.0,0.0,-0.3092756154954491,1.6111475224786775
0,3,1,21.5,3,1,1,0,0,4,0,0.0,0.0,1.0,0.0,1.0,0.0,0.0,0.0,-0.5724937540977952,0.32384119624754826
1,1,1,35.0,1,0,0,1,0,2,0,0.0,0.0,1.0,0.0,0.0,0.0,1.0,0.0,0.4427762090826827,1.5989745568795648
0,1,0,58.0,0,0,0,1,0,1,1,1.0,0.0,0.0,0.0,0.0,1.0,0.0,0.0,2.172495405612386,0.4770416648490861
0,3,0,30.0,0,0,0,0,0,1,1,0.0,0.0,1.0,0.0,0.0,1.0,0.0,0.0,0.06675029679361683,-0.7841792430073967
1,3,0,9.0,1,1,0,0,0,2,0,0.0,0.0,1.0,1.0,0.0,0.0,0.0,0.0,-1.51255853482046,-0.1393201011784549
0,3,0,25.0,1,0,1,0,0,1,1,0.0,0.0,1.0,0.0,0.0,1.0,0.0,0.0,-0.3092756154954491,0.0833137463231359
0,3,0,21.0,0,0,0,0,0,1,1,0.0,0.0,1.0,0.0,0.0,1.0,0.0,0.0,-0.6100963453267019,-0.8797405693934278
0,1,0,55.0,0,0,0,1,0,1,1,0.0,0.0,1.0,0.0,0.0,1.0,0.0,0.0,1.9468798582389464,0.5036031274312862
0,1,0,71.0,0,0,0,0,0,1,1,1.0,0.0,0.0,0.0,0.0,1.0,0.0,0.0,3.1501627775639576,0.9910237262754293
0,3,0,21.0,0,0,0,0,0,1,1,0.0,0.0,1.0,0.0,0.0,1.0,0.0,0.0,-0.6100963453267019,-0.7841792430073967
0,3,0,25.0,0,0,1,0,0,2,0,1.0,0.0,0.0,0.0,0.0,1.0,0.0,0.0,-0.3092756154954491,-0.23138736843472296
1,1,1,54.0,1,0,0,1,0,2,0,1.0,0.0,0.0,0.0,1.0,0.0,0.0,0.0,1.8716746757811333,1.4564440718289613
0,3,0,25.0,0,0,1,0,0,1,1,0.0,0.0,1.0,0.0,0.0,1.0,0.0,0.0,-0.3092756154954491,-0.1893914833819289
0,1,1,25.0,1,2,0,1,0,4,0,0.0,0.0,1.0,0.0,0.0,0.0,1.0,0.0,-0.3092756154954491,2.132408321022389
0,3,0,24.0,0,0,0,0,0,1,1,0.0,0.0,1.0,0.0,0.0,1.0,0.0,0.0,-0.3844807979532623,-0.8135961720983267
0,3,0,17.0,0,0,0,0,0,1,1,0.0,0.0,1.0,0.0,0.0,1.0,0.0,0.0,-0.9109170751579546,-0.7165619336211217
0,3,1,21.0,0,0,0,0,0,1,1,0.0,1.0,0.0,0.0,1.0,0.0,0.0,0.0,-0.6100963453267019,-0.8189865811572414
0,3,1,21.5,0,0,1,0,0,1,1,0.0,1.0,0.0,0.0,1.0,0.0,0.0,0.0,-0.5724937540977952,-0.8333405692374476
0,3,1,37.0,0,0,0,0,0,1,1,0.0,0.0,1.0,0.0,1.0,0.0,0.0,0.0,0.5931865739983091,-0.6221672631581132
1,1,1,16.0,0,0,0,1,0,3,0,0.0,0.0,1.0,0.0,1.0,0.0,0.0,0.0,-0.9861222576157678,1.5584783893656837
0,1,0,18.0,1,0,0,1,0,2,0,1.0,0.0,0.0,0.0,0.0,1.0,0.0,0.0,-0.8357118927001413,1.7938227894866787
1,2,1,33.0,0,2,0,0,0,2,0,0.0,0.0,1.0,0.0,0.0,0.0,1.0,0.0,0.29236584416705635,0.3444394801955362
1,1,0,40.0,0,0,1,0,0,1,1,0.0,0.0,1.0,0.0,0.0,1.0,0.0,0.0,0.8188021213717487,0.36526093570402607
0,3,0,28.0,0,0,0,0,0,1,1,0.0,0.0,1.0,0.0,0.0,1.0,0.0,0.0,-0.08366006812200955,0.20218592718197398
1,3,0,26.0,0,0,0,0,0,7,0,0.0,0.0,1.0,0.0,0.0,1.0,0.0,0.0,-0.23407043303763592,1.1248955097361604
1,3,0,29.0,0,0,0,0,0,1,1,0.0,1.0,0.0,0.0,0.0,1.0,0.0,0.0,-0.008454885664196365,-0.8189865811572414
0,3,0,25.0,0,0,1,0,0,1,1,0.0,0.0,1.0,0.0,0.0,1.0,0.0,0.0,-0.3092756154954491,-0.7841792430073967
1,1,0,36.0,0,0,0,1,0,1,1,0.0,0.0,1.0,0.0,0.0,1.0,0.0,0.0,0.5179813915404959,0.3553757823476229
1,1,1,54.0,1,0,0,0,0,1,1,1.0,0.0,0.0,0.0,0.0,0.0,1.0,0.0,1.8716746757811333,1.1757752036108362
0,3,0,24.0,0,0,0,0,0,1,1,0.0,0.0,1.0,0.0,0.0,1.0,0.0,0.0,-0.3844807979532623,-0.8494271027413144
0,1,0,47.0,0,0,0,1,0,1,1,0.0,0.0,1.0,0.0,0.0,1.0,0.0,0.0,1.345238398576441,0.6130033879569109
1,2,1,34.0,0,0,0,1,0,1,1,0.0,0.0,1.0,0.0,0.0,0.0,1.0,0.0,0.36757102662486957,-0.5368057694182641
0,3,0,25.0,0,0,1,0,0,3,0,0.0,1.0,0.0,0.0,0.0,1.0,0.0,0.0,-0.3092756154954491,0.2711522804976662
1,2,1,36.0,1,0,0,0,0,1,1,0.0,0.0,1.0,0.0,0.0,0.0,1.0,0.0,0.5179813915404959,0.3444394801955362
0,3,0,32.0,0,0,0,0,0,1,1,0.0,0.0,1.0,0.0,0.0,1.0,0.0,0.0,0.2171606617092432,-0.8019236166026618
1,1,1,30.0,0,0,0,1,0,2,0,0.0,0.0,1.0,0.0,1.0,0.0,0.0,0.0,0.06675029679361683,1.6379421972192298
0,3,0,22.0,0,0,0,0,0,1,1,0.0,0.0,1.0,0.0,0.0,1.0,0.0,0.0,-0.5348911628688886,-0.8019236166026618
0,3,0,25.0,0,0,1,0,0,1,1,1.0,0.0,0.0,0.0,0.0,1.0,0.0,0.0,-0.3092756154954491,-0.8828741679067217
1,1,1,44.0,0,1,0,1,0,2,0,1.0,0.0,0.0,0.0,0.0,0.0,1.0,0.0,1.1196228512030013,1.1511968252901217
0,3,0,25.0,0,0,1,0,0,1,1,1.0,0.0,0.0,0.0,0.0,1.0,0.0,0.0,-0.3092756154954491,-0.8823470582632056
0,3,0,40.5,0,0,0,0,0,1,1,0.0,1.0,0.0,0.0,0.0,1.0,0.0,0.0,0.8564047126006552,-0.8189865811572414
1,2,1,50.0,0,0,0,0,0,1,1,0.0,0.0,1.0,0.0,1.0,0.0,0.0,0.0,1.5708539459498805,-0.5368057694182641
0,1,0,40.0,0,0,1,1,0,1,1,0.0,0.0,1.0,0.0,0.0,1.0,0.0,0.0,0.8188021213717487,2.523411982756633
0,3,0,39.0,0,0,0,0,0,1,1,0.0,0.0,1.0,0.0,0.0,1.0,0.0,0.0,0.7435969389139355,-0.798539974052802
0,2,0,23.0,2,1,0,0,0,1,1,0.0,0.0,1.0,0.0,0.0,1.0,0.0,0.0,-0.45968598041107545,-0.4507125974257932
1,2,1,2.0,1,1,0,0,0,2,0,0.0,0.0,1.0,0.0,1.0,0.0,0.0,0.0,-2.038994812025152,0.3444394801955362
0,3,0,25.0,0,0,1,0,0,1,1,1.0,0.0,0.0,0.0,0.0,1.0,0.0,0.0,-0.3092756154954491,-0.8823470582632056
0,3,0,17.0,1,1,0,0,0,1,1,1.0,0.0,0.0,0.0,0.0,1.0,0.0,0.0,-0.9109170751579546,-0.8823470582632056
1,3,1,21.5,0,2,1,0,0,2,0,1.0,0.0,0.0,0.0,0.0,0.0,1.0,0.0,-0.5724937540977952,0.19484336402527688
0,3,1,30.0,0,0,0,0,0,1,1,0.0,0.0,1.0,0.0,1.0,0.0,0.0,0.0,0.06675029679361683,-0.7165619336211217
1,2,1,7.0,0,2,0,0,0,3,0,0.0,0.0,1.0,0.0,1.0,0.0,0.0,0.0,-1.6629688997360863,0.35395586016517094
0,1,0,45.0,0,0,0,1,0,1,1,0.0,0.0,1.0,0.0,0.0,0.0,0.0,1.0,1.1948280336608146,0.36526093570402607
1,1,1,30.0,0,0,0,0,0,2,0,1.0,0.0,0.0,0.0,1.0,0.0,0.0,0.0,0.06675029679361683,1.7703041212742283
0,3,0,25.0,0,0,1,0,0,1,1,0.0,0.0,1.0,0.0,0.0,1.0,0.0,0.0,-0.3092756154954491,-0.2286058134653583
1,1,1,22.0,0,2,0,1,0,1,1,1.0,0.0,0.0,0.0,1.0,0.0,0.0,0.0,-0.5348911628688886,0.9909378569025421
1,1,1,36.0,0,2,0,1,0,2,0,0.0,0.0,1.0,0.0,1.0,0.0,0.0,0.0,0.5179813915404959,1.3571652197109427
0,3,1,9.0,4,2,0,0,0,7,0,0.0,0.0,1.0,0.0,1.0,0.0,0.0,0.0,-1.51255853482046,0.5286989276421437
0,3,1,11.0,4,2,0,0,0,7,0,0.0,0.0,1.0,0.0,1.0,0.0,0.0,0.0,-1.3621481699048337,0.5286989276421437
1,2,0,32.0,1,0,0,0,0,2,0,0.0,0.0,1.0,0.0,0.0,1.0,0.0,0.0,0.2171606617092432,0.3444394801955362
0,1,0,50.0,1,0,0,1,0,2,0,1.0,0.0,0.0,0.0,0.0,1.0,0.0,0.0,1.5708539459498805,1.7703041212742283
0,1,0,64.0,0,0,0,0,0,1,1,0.0,0.0,1.0,0.0,0.0,1.0,0.0,0.0,2.623726500359265,0.3444394801955362
1,2,1,19.0,1,0,0,0,0,2,0,0.0,0.0,1.0,0.0,0.0,0.0,1.0,0.0,-0.7605067102423282,0.3444394801955362
1,2,0,30.0,0,0,1,0,0,1,1,1.0,0.0,0.0,0.0,0.0,1.0,0.0,0.0,0.06675029679361683,-0.27197037165090676
0,3,0,33.0,1,1,0,0,0,3,0,0.0,0.0,1.0,0.0,0.0,1.0,0.0,0.0,0.29236584416705635,0.11044794172866994
1,2,0,8.0,1,1,0,0,0,2,0,0.0,0.0,1.0,1.0,0.0,0.0,0.0,0.0,-1.5877637172782733,0.6904870950626278
1,1,0,17.0,0,2,0,1,0,4,0,1.0,0.0,0.0,0.0,0.0,1.0,0.0,0.0,-0.9109170751579546,1.812289926928167
0,2,0,27.0,0,0,0,0,0,1,1,0.0,0.0,1.0,0.0,0.0,1.0,0.0,0.0,-0.15886525057982273,0.3444394801955362
0,3,0,25.0,0,0,1,0,0,1,1,0.0,1.0,0.0,0.0,0.0,1.0,0.0,0.0,-0.3092756154954491,-0.809682843697731
1,3,0,22.0,0,0,0,0,0,1,1,1.0,0.0,0.0,0.0,0.0,1.0,0.0,0.0,-0.5348911628688886,-0.8828741679067217
1,3,1,22.0,0,0,0,0,0,1,1,0.0,0.0,1.0,0.0,1.0,0.0,0.0,0.0,-0.5348911628688886,-0.8160407306065733
0,1,0,62.0,0,0,0,0,0,1,1,0.0,0.0,1.0,0.0,0.0,1.0,0.0,0.0,2.4733161354436386,0.36526093570402607
1,1,1,48.0,1,0,0,1,0,1,1,1.0,0.0,0.0,0.0,0.0,0.0,0.0,1.0,1.4204435810342542,0.7656365698356679
0,1,0,40.0,0,0,1,0,0,4,0,1.0,0.0,0.0,0.0,0.0,1.0,0.0,0.0,0.8188021213717487,2.5497045522452972
1,1,1,39.0,1,1,0,1,0,3,0,0.0,0.0,1.0,0.0,0.0,0.0,1.0,0.0,0.7435969389139355,1.4743073772537167
1,3,1,36.0,1,0,0,0,0,1,1,0.0,0.0,1.0,0.0,0.0,0.0,1.0,0.0,0.5179813915404959,-0.05151766087005573
0,3,0,25.0,0,0,1,0,0,1,1,0.0,1.0,0.0,0.0,0.0,1.0,0.0,0.0,-0.3092756154954491,-0.8189865811572414
0,3,0,40.0,0,0,0,0,0,1,1,0.0,0.0,1.0,0.0,0.0,1.0,0.0,0.0,0.8188021213717487,-0.8019236166026618
0,2,0,28.0,0,0,0,0,0,1,1,0.0,0.0,1.0,0.0,0.0,1.0,0.0,0.0,-0.08366006812200955,-0.29746598596845064
0,3,0,25.0,0,0,1,0,0,1,1,0.0,0.0,1.0,0.0,0.0,1.0,0.0,0.0,-0.3092756154954491,-0.7841792430073967
0,3,1,21.5,0,0,1,0,0,1,1,0.0,0.0,1.0,0.0,1.0,0.0,0.0,0.0,-0.5724937540977952,-0.7841792430073967
0,3,0,24.0,2,0,0,0,0,2,0,0.0,0.0,1.0,0.0,0.0,1.0,0.0,0.0,-0.3844807979532623,0.2711522804976662
0,3,0,19.0,0,0,0,0,0,1,1,0.0,0.0,1.0,0.0,0.0,1.0,0.0,0.0,-0.7605067102423282,-0.8019236166026618
0,3,1,29.0,0,4,0,0,0,4,0,0.0,0.0,1.0,0.0,0.0,0.0,1.0,0.0,-0.008454885664196365,0.1364991380659541
0,3,0,25.0,0,0,1,0,0,1,1,1.0,0.0,0.0,0.0,0.0,1.0,0.0,0.0,-0.3092756154954491,-0.8823470582632056
1,3,0,32.0,0,0,0,0,0,1,1,0.0,0.0,1.0,0.0,0.0,1.0,0.0,0.0,0.2171606617092432,-0.806763380796033
1,2,0,62.0,0,0,0,0,0,1,1,0.0,0.0,1.0,0.0,0.0,1.0,0.0,0.0,2.4733161354436386,-0.5368057694182641
1,1,1,53.0,2,0,0,1,0,1,1,0.0,0.0,1.0,0.0,0.0,0.0,1.0,0.0,1.79646949332332,1.0306316027835163
1,1,0,36.0,0,0,0,1,0,1,1,0.0,0.0,1.0,0.0,0.0,1.0,0.0,0.0,0.5179813915404959,0.35915272270042775
1,3,1,21.5,0,0,1,0,0,1,1,0.0,1.0,0.0,0.0,1.0,0.0,0.0,0.0,-0.5724937540977952,-0.8189865811572414
0,3,0,16.0,0,0,0,0,0,1,1,0.0,0.0,1.0,0.0,0.0,1.0,0.0,0.0,-0.9861222576157678,-0.7841792430073967
0,3,0,19.0,0,0,0,0,0,2,0,0.0,0.0,1.0,0.0,0.0,1.0,0.0,0.0,-0.7605067102423282,-0.2286058134653583
1,2,1,34.0,0,0,0,0,0,1,1,0.0,0.0,1.0,0.0,1.0,0.0,0.0,0.0,0.36757102662486957,-0.3336984726090336
1,1,1,39.0,1,0,0,1,0,2,0,0.0,0.0,1.0,0.0,0.0,0.0,1.0,0.0,0.7435969389139355,1.1141402035210881
0,3,1,21.5,1,0,1,0,0,1,1,1.0,0.0,0.0,0.0,0.0,0.0,1.0,0.0,-0.5724937540977952,-0.23138736843472296
1,3,0,32.0,0,0,0,0,0,1,1,0.0,0.0,1.0,0.0,0.0,1.0,0.0,0.0,0.2171606617092432,-0.798539974052802
1,2,1,25.0,1,1,0,0,0,1,1,0.0,0.0,1.0,0.0,1.0,0.0,0.0,0.0,-0.3092756154954491,0.4870824563024251
1,1,1,39.0,1,1,0,1,0,4,0,1.0,0.0,0.0,0.0,0.0,0.0,1.0,0.0,0.7435969389139355,1.812289926928167
0,2,0,54.0,0,0,0,0,0,2,0,0.0,0.0,1.0,0.0,0.0,1.0,0.0,0.0,1.8716746757811333,0.3444394801955362
0,1,0,36.0,0,0,0,1,0,1,1,1.0,0.0,0.0,0.0,0.0,1.0,0.0,0.0,0.5179813915404959,0.7789025328484201
0,3,0,25.0,0,0,1,0,0,1,1,1.0,0.0,0.0,0.0,0.0,1.0,0.0,0.0,-0.3092756154954491,-0.71123278673221
1,1,1,18.0,0,2,0,1,0,3,0,0.0,0.0,1.0,0.0,1.0,0.0,0.0,0.0,-0.8357118927001413,1.4743073772537167
0,2,0,47.0,0,0,0,0,0,1,1,0.0,0.0,1.0,0.0,0.0,1.0,0.0,0.0,1.345238398576441,-0.19582465009716046
1,1,0,60.0,1,1,0,1,0,1,1,1.0,0.0,0.0,0.0,0.0,1.0,0.0,0.0,2.3229057705280125,1.4685301291949246
0,3,0,22.0,0,0,0,0,0,1,1,0.0,0.0,1.0,0.0,0.0,1.0,0.0,0.0,-0.5348911628688886,-0.7841792430073967
0,3,0,25.0,0,0,1,0,0,1,1,0.0,0.0,1.0,0.0,0.0,1.0,0.0,0.0,-0.3092756154954491,-0.7841792430073967
0,3,0,35.0,0,0,0,0,0,1,1,0.0,0.0,1.0,0.0,0.0,1.0,0.0,0.0,0.4427762090826827,-0.8955045384601199
1,1,1,52.0,1,0,0,1,0,2,0,1.0,0.0,0.0,0.0,0.0,0.0,1.0,0.0,1.7212643108655068,1.4564440718289613
0,3,0,47.0,0,0,0,0,0,1,1,0.0,0.0,1.0,0.0,0.0,1.0,0.0,0.0,1.345238398576441,-0.8797405693934278
0,3,1,21.5,0,2,1,0,0,1,1,0.0,1.0,0.0,0.0,1.0,0.0,0.0,0.0,-0.5724937540977952,-0.8189865811572414
0,2,0,37.0,1,0,0,0,0,1,1,0.0,0.0,1.0,0.0,0.0,1.0,0.0,0.0,0.5931865739983091,0.3444394801955362
0,3,0,36.0,1,1,0,0,0,3,0,0.0,0.0,1.0,0.0,0.0,1.0,0.0,0.0,0.5179813915404959,0.2711522804976662
1,2,1,28.0,0,0,1,0,0,3,0,0.0,0.0,1.0,0.0,1.0,0.0,0.0,0.0,-0.08366006812200955,0.5824597491940529
0,3,0,49.0,0,0,0,0,0,4,0,0.0,0.0,1.0,0.0,0.0,1.0,0.0,0.0,1.4956487634920672,-3.0585777291682934
0,3,0,25.0,0,0,1,0,0,1,1,1.0,0.0,0.0,0.0,0.0,1.0,0.0,0.0,-0.3092756154954491,-0.8828741679067217
1,1,0,49.0,1,0,0,1,0,2,0,1.0,0.0,0.0,0.0,0.0,0.0,0.0,1.0,1.4956487634920672,1.1326493972880125
1,2,1,24.0,2,1,0,0,0,2,0,0.0,0.0,1.0,0.0,0.0,0.0,1.0,0.0,-0.3844807979532623,0.3819897971587497
0,3,0,25.0,0,0,1,0,0,1,1,0.0,0.0,1.0,0.0,0.0,1.0,0.0,0.0,-0.3092756154954491,-0.8019236166026618
0,1,0,40.0,0,0,1,0,0,1,1,0.0,0.0,1.0,0.0,0.0,1.0,0.0,0.0,0.8188021213717487,0.8344967423387601
0,3,0,44.0,0,0,0,0,0,1,1,0.0,0.0,1.0,0.0,0.0,1.0,0.0,0.0,1.1196228512030013,-0.7841792430073967
1,1,0,35.0,0,0,0,0,0,1,1,1.0,0.0,0.0,0.0,0.0,1.0,0.0,0.0,0.4427762090826827,0.36526093570402607
0,3,0,36.0,1,0,0,0,0,1,1,0.0,0.0,1.0,0.0,0.0,1.0,0.0,0.0,0.5179813915404959,-0.16092818251417132
0,3,0,30.0,0,0,0,0,0,1,1,0.0,0.0,1.0,0.0,0.0,1.0,0.0,0.0,0.06675029679361683,-0.8019236166026618
1,1,0,27.0,0,0,0,0,0,1,1,0.0,0.0,1.0,0.0,0.0,1.0,0.0,0.0,-0.15886525057982273,0.5036031274312862
1,2,1,22.0,1,2,0,0,0,3,0,1.0,0.0,0.0,0.0,0.0,0.0,1.0,0.0,-0.5348911628688886,0.8147822510349934
1,1,1,40.0,0,0,0,1,0,3,0,0.0,0.0,1.0,0.0,1.0,0.0,0.0,0.0,0.8188021213717487,2.14527242190355
0,3,1,39.0,1,5,0,0,0,7,0,0.0,0.0,1.0,0.0,0.0,0.0,1.0,0.0,0.7435969389139355,0.5286989276421437
0,3,0,25.0,0,0,1,0,0,1,1,0.0,0.0,1.0,0.0,0.0,1.0,0.0,0.0,-0.3092756154954491,-0.9050797531497118
1,3,1,21.5,1,0,1,0,0,2,0,0.0,1.0,0.0,0.0,1.0,0.0,0.0,0.0,-0.5724937540977952,-0.16405229962564447
0,3,0,25.0,0,0,1,0,0,1,1,0.0,1.0,0.0,0.0,0.0,1.0,0.0,0.0,-0.3092756154954491,-0.8189865811572414
0,3,0,35.0,0,0,0,0,0,1,1,0.0,0.0,1.0,0.0,0.0,1.0,0.0,0.0,0.4427762090826827,-0.7841792430073967
1,2,1,24.0,1,2,0,0,0,2,0,0.0,0.0,1.0,0.0,1.0,0.0,0.0,0.0,-0.3844807979532623,1.2673242399099218
0,3,0,34.0,1,1,0,0,0,2,0,0.0,0.0,1.0,0.0,0.0,1.0,0.0,0.0,0.36757102662486957,-0.23528881360946907
0,3,1,26.0,1,0,0,0,0,2,0,0.0,0.0,1.0,0.0,0.0,0.0,1.0,0.0,-0.23407043303763592,-0.12717266791993012
1,2,1,4.0,2,1,0,1,0,2,0,0.0,0.0,1.0,0.0,1.0,0.0,0.0,0.0,-1.8885844471095259,0.750263780890198
0,2,0,26.0,0,0,0,0,0,1,1,0.0,0.0,1.0,0.0,0.0,1.0,0.0,0.0,-0.23407043303763592,-0.5368057694182641
0,3,0,27.0,1,0,0,0,0,2,0,1.0,0.0,0.0,0.0,0.0,1.0,0.0,0.0,-0.15886525057982273,-0.23166125968823223
1,1,0,42.0,1,0,0,1,0,1,1,0.0,0.0,1.0,0.0,0.0,1.0,0.0,0.0,0.969212486287375,1.0515683442816504
1,3,0,20.0,1,1,0,0,0,2,0,1.0,0.0,0.0,0.0,0.0,1.0,0.0,0.0,-0.685301527784515,-0.14903715526900022
0,3,0,21.0,0,0,0,0,0,1,1,0.0,0.0,1.0,0.0,0.0,1.0,0.0,0.0,-0.6100963453267019,-0.806763380796033
0,3,0,21.0,0,0,0,0,0,2,0,0.0,0.0,1.0,0.0,0.0,1.0,0.0,0.0,-0.6100963453267019,-0.12717266791993012
0,1,0,61.0,0,0,0,1,0,1,1,0.0,0.0,1.0,0.0,0.0,1.0,0.0,0.0,2.3981109529858253,0.5616248415955212
0,2,0,57.0,0,0,0,0,0,1,1,0.0,1.0,0.0,0.0,0.0,0.0,0.0,1.0,2.0972902231545727,-0.38278544498532663
1,1,1,21.0,0,0,0,1,0,3,0,0.0,0.0,1.0,0.0,1.0,0.0,0.0,0.0,-0.6100963453267019,1.452419049919151
0,3,0,26.0,0,0,0,0,0,1,1,0.0,0.0,1.0,0.0,0.0,1.0,0.0,0.0,-0.23407043303763592,-0.8019236166026618
0,3,0,25.0,0,0,1,0,0,1,1,0.0,1.0,0.0,0.0,0.0,1.0,0.0,0.0,-0.3092756154954491,-0.8209591021193487
1,1,0,80.0,0,0,0,1,0,1,1,0.0,0.0,1.0,0.0,0.0,1.0,0.0,0.0,3.827009419684276,0.4870824563024251
0,3,0,51.0,0,0,0,0,0,1,1,0.0,0.0,1.0,0.0,0.0,1.0,0.0,0.0,1.6460591284076938,-0.9045411875888885
1,1,0,32.0,0,0,0,1,0,1,1,1.0,0.0,0.0,0.0,0.0,0.0,0.0,1.0,0.2171606617092432,0.5036031274312862
0,1,0,40.0,0,0,1,0,0,1,1,0.0,0.0,1.0,0.0,0.0,1.0,0.0,0.0,0.8188021213717487,-3.0585777291682934
0,3,1,9.0,3,2,0,0,0,6,0,0.0,0.0,1.0,0.0,1.0,0.0,0.0,0.0,-1.51255853482046,0.4146557174979072
1,2,1,28.0,0,0,0,0,0,1,1,0.0,0.0,1.0,0.0,1.0,0.0,0.0,0.0,-0.08366006812200955,-0.3336984726090336
0,3,0,32.0,0,0,0,0,0,1,1,0.0,0.0,1.0,0.0,0.0,1.0,0.0,0.0,0.2171606617092432,-0.798539974052802
0,2,0,31.0,1,1,0,0,0,3,0,0.0,0.0,1.0,0.0,0.0,1.0,0.0,0.0,0.14195547925143,0.35395586016517094
0,3,1,41.0,0,5,0,0,0,6,0,0.0,0.0,1.0,0.0,0.0,0.0,1.0,0.0,0.8940073038295618,0.7678594338107121
0,3,0,25.0,1,0,1,0,0,2,0,0.0,0.0,1.0,0.0,0.0,1.0,0.0,0.0,-0.3092756154954491,-0.12717266791993012
0,3,0,20.0,0,0,0,0,0,1,1,0.0,0.0,1.0,0.0,0.0,1.0,0.0,0.0,-0.685301527784515,-0.806763380796033
1,1,1,24.0,0,0,0,1,0,2,0,1.0,0.0,0.0,0.0,0.0,0.0,0.0,1.0,-0.3844807979532623,1.3324938581871215
0,3,1,2.0,3,2,0,0,0,6,0,0.0,0.0,1.0,0.0,1.0,0.0,0.0,0.0,-2.038994812025152,0.4146557174979072
1,3,0,25.0,0,0,1,0,0,7,0,0.0,0.0,1.0,0.0,0.0,1.0,0.0,0.0,-0.3092756154954491,1.1248955097361604
1,3,1,0.75,2,1,0,0,0,4,0,1.0,0.0,0.0,0.0,1.0,0.0,0.0,0.0,-2.1330012900974187,0.047825129435189045
1,1,0,48.0,1,0,0,1,0,3,0,1.0,0.0,0.0,0.0,0.0,1.0,0.0,0.0,1.4204435810342542,1.4362199751817062
0,3,0,19.0,0,0,0,0,0,1,1,0.0,0.0,1.0,0.0,0.0,1.0,0.0,0.0,-0.7605067102423282,-0.8019236166026618
1,1,0,56.0,0,0,0,1,0,1,1,1.0,0.0,0.0,0.0,0.0,0.0,0.0,1.0,2.0220850406967594,0.6557188297748954
0,3,0,25.0,0,0,1,0,0,1,1,0.0,0.0,1.0,0.0,0.0,1.0,0.0,0.0,-0.3092756154954491,-0.8428609376877135
1,3,1,23.0,0,0,0,0,0,1,1,0.0,0.0,1.0,0.0,1.0,0.0,0.0,0.0,-0.45968598041107545,-0.8428609376877135
0,3,0,25.0,0,0,1,0,0,1,1,0.0,0.0,1.0,0.0,0.0,1.0,0.0,0.0,-0.3092756154954491,-0.8019236166026618
1,2,1,18.0,0,1,0,0,0,2,0,0.0,0.0,1.0,0.0,1.0,0.0,0.0,0.0,-0.8357118927001413,0.2228261499229997
0,3,0,21.0,0,0,0,0,0,1,1,0.0,0.0,1.0,0.0,0.0,1.0,0.0,0.0,-0.6100963453267019,-0.741349052303618
1,3,1,21.5,0,0,1,0,0,1,1,0.0,1.0,0.0,0.0,1.0,0.0,0.0,0.0,-0.5724937540977952,-0.809682843697731
0,3,1,18.0,0,0,0,0,0,1,1,0.0,1.0,0.0,0.0,1.0,0.0,0.0,0.0,-0.8357118927001413,-0.9442940832331417
0,2,0,24.0,2,0,0,0,0,5,0,0.0,0.0,1.0,0.0,0.0,1.0,0.0,0.0,-0.3844807979532623,1.3924082286355355
0,3,0,25.0,0,0,1,0,0,1,1,0.0,0.0,1.0,0.0,0.0,1.0,0.0,0.0,-0.3092756154954491,-0.8019236166026618
0,3,1,32.0,1,1,0,0,0,2,0,0.0,1.0,0.0,0.0,0.0,0.0,1.0,0.0,0.2171606617092432,-0.16405229962564447
0,2,0,23.0,0,0,0,0,0,1,1,0.0,0.0,1.0,0.0,0.0,1.0,0.0,0.0,-0.45968598041107545,-0.3336984726090336
0,1,0,58.0,0,2,0,1,0,3,0,1.0,0.0,0.0,0.0,0.0,1.0,0.0,0.0,2.172495405612386,1.834129231109428
1,1,0,50.0,2,0,0,0,0,2,0,0.0,0.0,1.0,0.0,0.0,0.0,0.0,1.0,1.5708539459498805,2.003535801391161
0,3,0,40.0,0,0,0,0,0,1,1,1.0,0.0,0.0,0.0,0.0,1.0,0.0,0.0,0.8188021213717487,-0.8828741679067217
0,1,0,47.0,0,0,0,1,0,1,1,0.0,0.0,1.0,0.0,0.0,1.0,0.0,0.0,1.345238398576441,0.32854312829417104
0,3,0,36.0,0,0,0,0,0,1,1,0.0,0.0,1.0,0.0,0.0,1.0,0.0,0.0,0.5179813915404959,-0.8494271027413144
1,3,0,20.0,1,0,0,0,0,1,1,0.0,0.0,1.0,0.0,0.0,1.0,0.0,0.0,-0.685301527784515,-0.798539974052802
0,2,0,32.0,2,0,0,0,0,5,0,0.0,0.0,1.0,0.0,0.0,1.0,0.0,0.0,0.2171606617092432,1.3924082286355355
0,2,0,25.0,0,0,0,0,0,1,1,0.0,0.0,1.0,0.0,0.0,1.0,0.0,0.0,-0.3092756154954491,-0.3336984726090336
0,3,0,25.0,0,0,1,0,0,1,1,0.0,0.0,1.0,0.0,0.0,1.0,0.0,0.0,-0.3092756154954491,-0.8160407306065733
0,3,0,43.0,0,0,0,0,0,1,1,0.0,0.0,1.0,0.0,0.0,1.0,0.0,0.0,1.0444176687451883,-0.7841792430073967
1,1,1,35.0,1,0,1,1,0,2,0,0.0,0.0,1.0,0.0,0.0,0.0,1.0,0.0,0.4427762090826827,1.0408277503255374
1,2,1,40.0,1,1,0,0,0,2,0,0.0,0.0,1.0,0.0,0.0,0.0,1.0,0.0,0.8188021213717487,0.750263780890198
0,1,0,31.0,1,0,0,1,0,1,1,0.0,0.0,1.0,0.0,0.0,1.0,0.0,0.0,0.14195547925143,1.0408277503255374
0,2,0,70.0,0,0,0,0,0,1,1,0.0,0.0,1.0,0.0,0.0,1.0,0.0,0.0,3.0749575951061443,-0.5368057694182641
1,2,0,31.0,0,0,0,0,0,1,1,0.0,0.0,1.0,0.0,0.0,1.0,0.0,0.0,0.14195547925143,-0.3336984726090336
0,2,0,30.0,0,0,1,0,0,1,1,0.0,0.0,1.0,0.0,0.0,1.0,0.0,0.0,0.06675029679361683,-3.0585777291682934
0,3,0,18.0,0,0,0,0,0,1,1,0.0,0.0,1.0,0.0,0.0,1.0,0.0,0.0,-0.8357118927001413,-0.8160407306065733
0,3,0,24.5,0,0,0,0,0,1,1,0.0,0.0,1.0,0.0,0.0,1.0,0.0,0.0,-0.3468782067243557,-0.7841792430073967
1,3,1,18.0,0,0,0,0,0,1,1,0.0,0.0,1.0,0.0,1.0,0.0,0.0,0.0,-0.8357118927001413,-0.597669953407196
0,3,1,43.0,1,6,0,0,0,6,0,0.0,0.0,1.0,0.0,0.0,0.0,1.0,0.0,1.0444176687451883,0.936361092700485
1,1,0,36.0,0,1,0,1,0,3,0,1.0,0.0,0.0,0.0,0.0,1.0,0.0,0.0,0.5179813915404959,3.3852937438182273
0,3,1,21.5,0,0,1,0,0,1,1,0.0,1.0,0.0,0.0,1.0,0.0,0.0,0.0,-0.5724937540977952,-0.774244266805356
1,1,0,27.0,0,0,0,1,0,3,0,1.0,0.0,0.0,0.0,0.0,1.0,0.0,0.0,-0.15886525057982273,1.4362199751817062
0,3,0,20.0,0,0,0,0,0,1,1,0.0,0.0,1.0,0.0,0.0,1.0,0.0,0.0,-0.685301527784515,-0.658138561741074
0,3,0,14.0,5,2,0,0,0,6,0,0.0,0.0,1.0,0.0,0.0,1.0,0.0,0.0,-1.136532622531394,0.936361092700485
0,2,0,60.0,1,1,0,0,0,2,0,0.0,0.0,1.0,0.0,0.0,1.0,0.0,0.0,2.3229057705280125,0.750263780890198
0,2,0,25.0,1,2,0,0,0,3,0,1.0,0.0,0.0,0.0,0.0,1.0,0.0,0.0,-0.3092756154954491,0.8147822510349934
0,3,0,14.0,4,1,0,0,0,6,0,0.0,0.0,1.0,0.0,0.0,1.0,0.0,0.0,-1.136532622531394,0.7678594338107121
0,3,0,19.0,0,0,0,0,0,1,1,0.0,0.0,1.0,0.0,0.0,1.0,0.0,0.0,-0.7605067102423282,-0.5667940759868451
0,3,0,18.0,0,0,0,0,0,1,1,0.0,0.0,1.0,0.0,0.0,1.0,0.0,0.0,-0.8357118927001413,-0.8135961720983267
1,1,1,15.0,0,1,0,1,0,3,0,0.0,0.0,1.0,0.0,1.0,0.0,0.0,0.0,-1.061327440073581,2.4738467350641637
1,1,0,31.0,1,0,0,1,0,2,0,0.0,0.0,1.0,0.0,0.0,1.0,0.0,0.0,0.14195547925143,1.1339105535671157
1,3,1,4.0,0,1,0,0,0,1,1,1.0,0.0,0.0,0.0,1.0,0.0,0.0,0.0,-1.8885844471095259,-0.3034147385612252
1,3,0,25.0,0,0,1,0,0,7,0,0.0,0.0,1.0,0.0,0.0,1.0,0.0,0.0,-0.3092756154954491,1.1248955097361604
0,3,0,25.0,0,0,0,0,0,1,1,1.0,0.0,0.0,0.0,0.0,1.0,0.0,0.0,-0.3092756154954491,-0.8828741679067217
0,1,0,60.0,0,0,0,0,0,1,1,0.0,0.0,1.0,0.0,0.0,0.0,0.0,1.0,2.3229057705280125,0.36526093570402607
0,2,0,52.0,0,0,0,0,0,1,1,0.0,0.0,1.0,0.0,0.0,1.0,0.0,0.0,1.7212643108655068,-0.29746598596845064
0,3,0,44.0,0,0,0,0,0,1,1,0.0,0.0,1.0,0.0,0.0,1.0,0.0,0.0,1.1196228512030013,-0.7841792430073967
1,3,1,21.5,0,0,1,0,0,1,1,0.0,1.0,0.0,0.0,1.0,0.0,0.0,0.0,-0.5724937540977952,-0.8209591021193487
0,1,0,49.0,1,1,0,1,0,4,0,1.0,0.0,0.0,0.0,0.0,1.0,0.0,0.0,1.4956487634920672,1.812289926928167
0,3,0,42.0,0,0,0,1,0,1,1,0.0,0.0,1.0,0.0,0.0,1.0,0.0,0.0,0.969212486287375,-0.830854756854953
1,1,1,18.0,1,0,0,1,0,4,0,1.0,0.0,0.0,0.0,0.0,0.0,1.0,0.0,-0.8357118927001413,2.5497045522452972
1,1,0,35.0,0,0,0,1,0,1,1,0.0,0.0,1.0,0.0,0.0,1.0,0.0,0.0,0.4427762090826827,0.3553757823476229
0,3,1,18.0,0,1,0,0,0,2,0,1.0,0.0,0.0,0.0,1.0,0.0,0.0,0.0,-0.8357118927001413,-0.23166125968823223
0,3,0,25.0,0,0,0,0,0,1,1,0.0,1.0,0.0,0.0,0.0,1.0,0.0,0.0,-0.3092756154954491,-0.8199664648688783
0,3,0,26.0,1,0,0,0,0,1,1,0.0,0.0,1.0,0.0,0.0,1.0,0.0,0.0,-0.23407043303763592,-0.806763380796033
0,2,0,39.0,0,0,0,0,0,2,0,0.0,0.0,1.0,0.0,0.0,1.0,0.0,0.0,0.7435969389139355,0.3444394801955362
1,2,1,45.0,0,0,0,0,0,1,1,0.0,0.0,1.0,0.0,0.0,0.0,1.0,0.0,1.1948280336608146,-0.29746598596845064
1,1,0,42.0,0,0,0,1,0,1,1,0.0,0.0,1.0,0.0,0.0,1.0,0.0,0.0,0.969212486287375,0.3553757823476229
1,1,1,22.0,0,0,0,0,0,4,0,0.0,0.0,1.0,0.0,1.0,0.0,0.0,0.0,-0.5348911628688886,2.132408321022389
1,3,0,25.0,1,1,1,0,0,2,0,1.0,0.0,0.0,1.0,0.0,0.0,0.0,0.0,-0.3092756154954491,-0.1800831698720664
1,1,1,24.0,0,0,0,1,0,1,1,1.0,0.0,0.0,0.0,0.0,0.0,0.0,1.0,-0.3844807979532623,0.9910237262754293
0,1,0,40.0,0,0,1,1,0,1,1,0.0,0.0,1.0,0.0,0.0,1.0,0.0,0.0,0.8188021213717487,0.36526093570402607
1,1,0,48.0,1,0,0,1,0,2,0,0.0,0.0,1.0,0.0,0.0,1.0,0.0,0.0,1.4204435810342542,1.0408277503255374
0,3,0,29.0,0,0,0,0,0,1,1,0.0,0.0,1.0,0.0,0.0,1.0,0.0,0.0,-0.008454885664196365,-0.6323794480268654
0,2,0,52.0,0,0,0,0,0,2,0,0.0,0.0,1.0,0.0,0.0,1.0,0.0,0.0,1.7212643108655068,-0.3336984726090336
0,3,0,19.0,0,0,0,1,0,1,1,0.0,0.0,1.0,0.0,0.0,1.0,0.0,0.0,-0.7605067102423282,-0.830854756854953
1,1,1,38.0,0,0,0,1,0,4,0,1.0,0.0,0.0,0.0,1.0,0.0,0.0,0.0,0.6683917564561223,2.5497045522452972
1,2,1,27.0,0,0,0,1,0,1,1,0.0,0.0,1.0,0.0,1.0,0.0,0.0,0.0,-0.15886525057982273,-0.5368057694182641
0,3,0,25.0,0,0,1,0,0,1,1,0.0,1.0,0.0,0.0,0.0,1.0,0.0,0.0,-0.3092756154954491,-0.16405229962564447
0,3,0,33.0,0,0,0,0,0,1,1,0.0,0.0,1.0,0.0,0.0,1.0,0.0,0.0,0.29236584416705635,-0.8160407306065733
1,2,1,6.0,0,1,0,0,0,3,0,0.0,0.0,1.0,0.0,1.0,0.0,0.0,0.0,-1.7381740821938996,0.5824597491940529
0,3,0,17.0,1,0,0,0,0,1,1,0.0,0.0,1.0,0.0,0.0,1.0,0.0,0.0,-0.9109170751579546,-0.9045411875888885
0,2,0,34.0,0,0,0,0,0,1,1,0.0,0.0,1.0,0.0,0.0,1.0,0.0,0.0,0.36757102662486957,-0.3336984726090336
0,2,0,50.0,0,0,0,0,0,1,1,0.0,0.0,1.0,0.0,0.0,1.0,0.0,0.0,1.5708539459498805,-0.3336984726090336
1,1,0,27.0,1,0,0,1,0,2,0,0.0,0.0,1.0,0.0,0.0,1.0,0.0,0.0,-0.15886525057982273,1.0620380556287106
0,3,0,20.0,0,0,0,0,0,1,1,0.0,0.0,1.0,0.0,0.0,1.0,0.0,0.0,-0.685301527784515,-0.7165619336211217
1,2,1,30.0,3,0,0,0,0,2,0,0.0,0.0,1.0,0.0,0.0,0.0,1.0,0.0,0.06675029679361683,0.1329851701219792
1,3,1,21.5,0,0,1,0,0,1,1,0.0,1.0,0.0,0.0,1.0,0.0,0.0,0.0,-0.5724937540977952,-0.8204626642072291
0,2,0,25.0,1,0,0,0,0,1,1,0.0,0.0,1.0,0.0,0.0,1.0,0.0,0.0,-0.3092756154954491,0.3444394801955362
0,3,1,25.0,1,0,0,0,0,1,1,0.0,0.0,1.0,0.0,1.0,0.0,0.0,0.0,-0.3092756154954491,-0.798539974052802
1,1,1,29.0,0,0,0,1,0,3,0,0.0,0.0,1.0,0.0,1.0,0.0,0.0,0.0,-0.008454885664196365,2.4738467350641637
0,3,0,11.0,0,0,0,0,0,2,0,1.0,0.0,0.0,0.0,0.0,1.0,0.0,0.0,-1.3621481699048337,0.023546289947323752
0,2,0,30.0,0,0,1,0,0,1,1,0.0,0.0,1.0,0.0,0.0,1.0,0.0,0.0,0.06675029679361683,-3.0585777291682934
0,2,0,23.0,0,0,0,0,0,1,1,0.0,0.0,1.0,0.0,0.0,1.0,0.0,0.0,-0.45968598041107545,-0.3336984726090336
0,2,0,23.0,0,0,0,0,0,1,1,0.0,0.0,1.0,0.0,0.0,1.0,0.0,0.0,-0.45968598041107545,-0.3336984726090336
0,3,0,28.5,0,0,0,0,0,2,0,0.0,0.0,1.0,0.0,0.0,1.0,0.0,0.0,-0.04605747689310296,-0.12717266791993012
0,3,1,48.0,1,3,0,0,0,4,0,0.0,0.0,1.0,0.0,0.0,0.0,1.0,0.0,1.4204435810342542,0.6233938271906204
1,1,0,35.0,0,0,0,1,0,3,0,1.0,0.0,0.0,0.0,0.0,1.0,0.0,0.0,0.4427762090826827,3.3852937438182273
0,3,0,25.0,0,0,1,0,0,1,1,0.0,0.0,1.0,0.0,0.0,1.0,0.0,0.0,-0.3092756154954491,-0.8019236166026618
0,3,0,25.0,0,0,1,0,0,1,1,0.0,0.0,1.0,0.0,0.0,1.0,0.0,0.0,-0.3092756154954491,-0.8019236166026618
1,1,0,40.0,0,0,1,1,0,1,1,0.0,0.0,1.0,0.0,0.0,1.0,0.0,0.0,0.8188021213717487,0.4870824563024251
0,1,0,36.0,1,0,0,1,0,2,0,0.0,0.0,1.0,0.0,0.0,1.0,0.0,0.0,0.5179813915404959,1.464014258564117
1,1,1,21.0,2,2,0,1,0,2,0,1.0,0.0,0.0,0.0,1.0,0.0,0.0,0.0,-0.6100963453267019,2.6962534687059603
0,3,0,24.0,1,0,0,0,0,1,1,0.0,0.0,1.0,0.0,0.0,1.0,0.0,0.0,-0.3844807979532623,-0.12717266791993012
1,3,0,31.0,0,0,0,0,0,1,1,0.0,0.0,1.0,0.0,0.0,1.0,0.0,0.0,0.14195547925143,-0.798539974052802
0,1,0,70.0,1,1,0,1,0,2,0,0.0,0.0,1.0,0.0,0.0,0.0,0.0,1.0,3.0749575951061443,1.3571652197109427
0,3,0,16.0,1,1,0,0,0,2,0,0.0,0.0,1.0,0.0,0.0,1.0,0.0,0.0,-0.9861222576157678,0.0971716406458445
1,2,1,30.0,0,0,0,0,0,1,1,0.0,0.0,1.0,0.0,1.0,0.0,0.0,0.0,0.06675029679361683,-0.3336984726090336
0,1,0,19.0,1,0,0,1,0,1,1,0.0,0.0,1.0,0.0,0.0,1.0,0.0,0.0,-0.7605067102423282,1.0620380556287106
0,3,0,31.0,0,0,0,0,0,1,1,0.0,1.0,0.0,0.0,0.0,1.0,0.0,0.0,0.14195547925143,-0.8189865811572414
1,2,1,4.0,1,1,0,0,0,1,1,0.0,0.0,1.0,0.0,1.0,0.0,0.0,0.0,-1.8885844471095259,0.2228261499229997
1,3,0,6.0,0,1,0,1,0,2,0,0.0,0.0,1.0,1.0,0.0,0.0,0.0,0.0,-1.7381740821938996,-0.37316263612134226
0,3,0,33.0,0,0,0,0,0,1,1,0.0,0.0,1.0,0.0,0.0,1.0,0.0,0.0,0.29236584416705635,-0.6307359423566569
0,3,0,23.0,0,0,0,0,0,1,1,0.0,0.0,1.0,0.0,0.0,1.0,0.0,0.0,-0.45968598041107545,-0.8019236166026618
1,2,1,48.0,1,2,0,0,0,2,0,0.0,0.0,1.0,0.0,0.0,0.0,1.0,0.0,1.4204435810342542,1.2673242399099218
1,2,0,0.67,1,1,0,0,0,2,0,0.0,0.0,1.0,1.0,0.0,0.0,0.0,0.0,-2.139017704694044,-0.2286058134653583
0,3,0,28.0,0,0,0,0,0,1,1,0.0,0.0,1.0,0.0,0.0,1.0,0.0,0.0,-0.08366006812200955,-0.8135961720983267
0,2,0,18.0,0,0,0,0,0,1,1,0.0,0.0,1.0,0.0,0.0,1.0,0.0,0.0,-0.8357118927001413,-0.4507125974257932
0,3,0,34.0,0,0,0,0,0,1,1,0.0,0.0,1.0,0.0,0.0,1.0,0.0,0.0,0.36757102662486957,-0.7841792430073967
1,1,1,33.0,0,0,0,1,0,3,0,0.0,0.0,1.0,0.0,0.0,0.0,0.0,1.0,0.29236584416705635,1.5584783893656837
0,3,0,25.0,0,0,1,0,0,2,0,0.0,0.0,1.0,0.0,0.0,1.0,0.0,0.0,-0.3092756154954491,-0.2286058134653583
0,3,0,41.0,0,0,0,0,0,1,1,0.0,0.0,1.0,0.0,0.0,1.0,0.0,0.0,0.8940073038295618,-0.8955045384601199
1,3,0,20.0,0,0,0,0,0,1,1,1.0,0.0,0.0,0.0,0.0,1.0,0.0,0.0,-0.685301527784515,-0.8823470582632056
1,1,1,36.0,1,2,0,1,0,4,0,0.0,0.0,1.0,0.0,0.0,0.0,1.0,0.0,0.5179813915404959,1.8931715298766851
0,3,0,16.0,0,0,0,0,0,1,1,0.0,0.0,1.0,0.0,0.0,1.0,0.0,0.0,-0.9861222576157678,-0.8160407306065733
1,1,1,51.0,1,0,0,1,0,3,0,0.0,0.0,1.0,0.0,0.0,0.0,1.0,0.0,1.6460591284076938,1.452419049919151
0,1,0,40.0,0,0,1,0,0,1,1,1.0,0.0,0.0,0.0,0.0,0.0,0.0,1.0,0.8188021213717487,0.7656365698356679
0,3,1,30.5,0,0,0,0,0,1,1,0.0,1.0,0.0,0.0,1.0,0.0,0.0,0.0,0.1043528880225234,-0.8189865811572414
0,3,0,25.0,1,0,1,0,0,3,0,0.0,1.0,0.0,0.0,0.0,1.0,0.0,0.0,-0.3092756154954491,0.2711522804976662
0,3,0,32.0,0,0,0,0,0,1,1,0.0,0.0,1.0,0.0,0.0,1.0,0.0,0.0,0.2171606617092432,-0.7491276790090223
0,3,0,24.0,0,0,0,0,0,1,1,0.0,0.0,1.0,0.0,0.0,1.0,0.0,0.0,-0.3844807979532623,-0.6307359423566569
0,3,0,48.0,0,0,0,0,0,1,1,0.0,0.0,1.0,0.0,0.0,1.0,0.0,0.0,1.4204435810342542,-0.806763380796033
0,2,1,57.0,0,0,0,1,0,2,0,0.0,0.0,1.0,0.0,0.0,0.0,1.0,0.0,2.0972902231545727,-0.5368057694182641
0,3,0,25.0,0,0,1,0,0,1,1,1.0,0.0,0.0,0.0,0.0,1.0,0.0,0.0,-0.3092756154954491,-0.8828741679067217
1,2,1,54.0,1,3,0,0,0,1,1,0.0,0.0,1.0,0.0,0.0,0.0,1.0,0.0,1.8716746757811333,0.2228261499229997
0,3,0,18.0,0,0,0,0,0,1,1,0.0,0.0,1.0,0.0,0.0,1.0,0.0,0.0,-0.8357118927001413,-0.8189865811572414
0,3,0,25.0,0,0,1,1,0,1,1,0.0,1.0,0.0,0.0,0.0,1.0,0.0,0.0,-0.3092756154954491,-0.8189865811572414
1,3,1,5.0,0,0,0,0,0,2,0,0.0,0.0,1.0,0.0,1.0,0.0,0.0,0.0,-1.8133792646517128,-0.37316263612134226
0,3,0,25.0,0,0,1,0,0,1,1,0.0,1.0,0.0,0.0,0.0,1.0,0.0,0.0,-0.3092756154954491,-0.8204626642072291
1,1,1,43.0,0,1,0,1,0,3,0,0.0,0.0,1.0,0.0,0.0,0.0,1.0,0.0,1.0444176687451883,2.4738467350641637
1,3,1,13.0,0,0,0,0,0,1,1,1.0,0.0,0.0,0.0,1.0,0.0,0.0,0.0,-1.2117378049892074,-0.8823470582632056
1,1,1,17.0,1,0,0,1,0,2,0,0.0,0.0,1.0,0.0,0.0,0.0,1.0,0.0,-0.9109170751579546,1.1339105535671157
0,1,0,29.0,0,0,0,1,0,1,1,0.0,0.0,1.0,0.0,0.0,1.0,0.0,0.0,-0.008454885664196365,0.4870824563024251
0,3,0,25.0,1,2,1,0,0,2,0,0.0,0.0,1.0,0.0,0.0,1.0,0.0,0.0,-0.3092756154954491,0.24200663802437702
0,3,0,25.0,0,0,0,0,0,1,1,0.0,0.0,1.0,0.0,0.0,1.0,0.0,0.0,-0.3092756154954491,-0.9050797531497118
0,3,0,25.0,0,0,0,0,0,1,1,0.0,0.0,1.0,0.0,0.0,1.0,0.0,0.0,-0.3092756154954491,-0.8797405693934278
1,3,1,18.0,0,0,0,0,0,1,1,0.0,0.0,1.0,0.0,1.0,0.0,0.0,0.0,-0.8357118927001413,-0.8494271027413144
0,3,0,8.0,4,1,0,0,0,5,0,0.0,1.0,0.0,1.0,0.0,0.0,0.0,0.0,-1.5877637172782733,0.457519539438721
1,3,0,1.0,1,2,0,0,0,2,0,0.0,0.0,1.0,1.0,0.0,0.0,0.0,0.0,-2.1141999944829655,0.11284358066326507
0,1,0,46.0,0,0,0,1,0,2,0,1.0,0.0,0.0,0.0,0.0,1.0,0.0,0.0,1.2700332161186279,1.4685301291949246
0,3,0,25.0,0,0,1,0,0,1,1,0.0,1.0,0.0,0.0,0.0,1.0,0.0,0.0,-0.3092756154954491,-0.8189865811572414
0,2,0,16.0,0,0,0,0,0,2,0,0.0,0.0,1.0,0.0,0.0,1.0,0.0,0.0,-0.9861222576157678,0.3444394801955362
0,3,1,21.5,8,2,1,0,0,7,0,0.0,0.0,1.0,0.0,1.0,0.0,0.0,0.0,-0.5724937540977952,1.3361591794576348
0,1,0,40.0,0,0,1,0,0,1,1,1.0,0.0,0.0,0.0,0.0,1.0,0.0,0.0,0.8188021213717487,0.5100012756239033
0,3,0,25.0,0,0,0,0,0,1,1,0.0,0.0,1.0,0.0,0.0,1.0,0.0,0.0,-0.3092756154954491,-0.8019236166026618
0,2,0,39.0,0,0,0,0,0,1,1,0.0,0.0,1.0,0.0,0.0,1.0,0.0,0.0,0.7435969389139355,-0.3336984726090336
1,1,1,49.0,0,0,0,1,0,1,1,0.0,0.0,1.0,0.0,0.0,0.0,0.0,1.0,1.4956487634920672,0.3417284274758476
1,3,1,31.0,0,0,0,0,0,1,1,0.0,0.0,1.0,0.0,0.0,0.0,1.0,0.0,0.14195547925143,-0.7143416664249429
0,3,0,30.0,0,0,0,0,0,1,1,1.0,0.0,0.0,0.0,0.0,1.0,0.0,0.0,0.06675029679361683,-0.8823470582632056
0,3,1,30.0,1,1,0,0,0,3,0,0.0,0.0,1.0,0.0,0.0,0.0,1.0,0.0,0.06675029679361683,0.2711522804976662
0,2,0,34.0,0,0,0,0,0,2,0,0.0,0.0,1.0,0.0,0.0,1.0,0.0,0.0,0.36757102662486957,-0.3336984726090336
1,2,1,31.0,1,1,0,0,0,3,0,0.0,0.0,1.0,0.0,0.0,0.0,1.0,0.0,0.14195547925143,0.35395586016517094
1,1,0,11.0,1,2,0,1,0,4,0,0.0,0.0,1.0,1.0,0.0,0.0,0.0,0.0,-1.3621481699048337,1.8931715298766851
1,3,0,0.42,0,1,0,0,0,1,1,1.0,0.0,0.0,1.0,0.0,0.0,0.0,0.0,-2.157819000308497,-0.7322606388880221
1,3,0,27.0,0,0,0,0,0,1,1,0.0,0.0,1.0,0.0,0.0,1.0,0.0,0.0,-0.15886525057982273,-0.9147445967366699
0,3,0,31.0,0,0,0,0,0,1,1,0.0,0.0,1.0,0.0,0.0,1.0,0.0,0.0,0.14195547925143,-0.8160407306065733
0,1,0,39.0,0,0,0,1,0,1,1,0.0,0.0,1.0,0.0,0.0,1.0,0.0,0.0,0.7435969389139355,-3.0585777291682934
0,3,1,18.0,0,0,0,0,0,1,1,0.0,0.0,1.0,0.0,1.0,0.0,0.0,0.0,-0.8357118927001413,-0.8160407306065733
0,2,0,39.0,0,0,0,0,0,1,1,0.0,0.0,1.0,0.0,0.0,1.0,0.0,0.0,0.7435969389139355,-0.3336984726090336
1,1,1,33.0,1,0,0,1,0,2,0,0.0,0.0,1.0,0.0,0.0,0.0,1.0,0.0,0.29236584416705635,1.0620380556287106
0,3,0,26.0,0,0,0,0,0,1,1,0.0,0.0,1.0,0.0,0.0,1.0,0.0,0.0,-0.23407043303763592,-0.802887432760349
0,3,0,39.0,0,0,0,0,0,2,0,0.0,0.0,1.0,0.0,0.0,1.0,0.0,0.0,0.7435969389139355,0.2711522804976662
0,2,0,35.0,0,0,0,0,0,1,1,0.0,0.0,1.0,0.0,0.0,1.0,0.0,0.0,0.4427762090826827,-0.5368057694182641
0,3,1,6.0,4,2,0,0,0,7,0,0.0,0.0,1.0,0.0,1.0,0.0,0.0,0.0,-1.7381740821938996,0.5286989276421437
0,3,0,30.5,0,0,0,0,0,1,1,0.0,0.0,1.0,0.0,0.0,1.0,0.0,0.0,0.1043528880225234,-0.7841792430073967
0,1,0,40.0,0,0,1,1,0,1,1,0.0,0.0,1.0,0.0,0.0,1.0,0.0,0.0,0.8188021213717487,-3.0585777291682934
0,3,1,23.0,0,0,0,0,0,1,1,0.0,0.0,1.0,0.0,1.0,0.0,0.0,0.0,-0.45968598041107545,-0.798539974052802
0,2,0,31.0,1,1,0,0,0,2,0,1.0,0.0,0.0,0.0,0.0,1.0,0.0,0.0,0.14195547925143,0.6974165471111633
0,3,0,43.0,0,0,0,0,0,1,1,0.0,0.0,1.0,0.0,0.0,1.0,0.0,0.0,1.0444176687451883,-0.9850567418873891
0,3,0,10.0,3,2,0,0,0,6,0,0.0,0.0,1.0,1.0,0.0,0.0,0.0,0.0,-1.437353352362647,0.4146557174979072
1,1,1,52.0,1,1,0,1,0,2,0,0.0,0.0,1.0,0.0,0.0,0.0,1.0,0.0,1.7212643108655068,1.6379421972192298
1,3,0,27.0,0,0,0,0,0,1,1,0.0,0.0,1.0,0.0,0.0,1.0,0.0,0.0,-0.15886525057982273,-0.7165619336211217
0,1,0,38.0,0,0,0,0,0,1,1,0.0,0.0,1.0,0.0,0.0,0.0,0.0,1.0,0.6683917564561223,-3.0585777291682934
1,3,1,27.0,0,1,0,1,0,2,0,0.0,0.0,1.0,0.0,0.0,0.0,1.0,0.0,-0.15886525057982273,-0.37316263612134226
0,3,0,2.0,4,1,0,0,0,6,0,0.0,0.0,1.0,1.0,0.0,0.0,0.0,0.0,-2.038994812025152,0.7678594338107121
0,3,0,25.0,0,0,1,0,0,1,1,0.0,1.0,0.0,0.0,0.0,1.0,0.0,0.0,-0.3092756154954491,-0.9179864201772276
0,3,0,25.0,0,0,1,0,0,7,0,0.0,0.0,1.0,0.0,0.0,1.0,0.0,0.0,-0.3092756154954491,1.1248955097361604
1,2,0,1.0,0,2,0,0,0,2,0,1.0,0.0,0.0,1.0,0.0,0.0,0.0,0.0,-2.1141999944829655,0.6974165471111633
1,3,0,25.0,0,0,1,0,0,1,1,0.0,1.0,0.0,0.0,0.0,1.0,0.0,0.0,-0.3092756154954491,-0.8189865811572414
1,1,1,62.0,0,0,0,1,1,2,0,0.0,0.0,1.0,0.0,0.0,0.0,1.0,0.0,2.4733161354436386,1.4787785499834798
1,3,1,15.0,1,0,0,0,0,2,0,1.0,0.0,0.0,0.0,0.0,0.0,1.0,0.0,-1.061327440073581,-0.23166125968823223
1,2,0,0.83,1,1,0,0,0,3,0,0.0,0.0,1.0,1.0,0.0,0.0,0.0,0.0,-2.126984875500794,0.021587667954472933
0,3,0,25.0,0,0,1,0,0,1,1,1.0,0.0,0.0,0.0,0.0,1.0,0.0,0.0,-0.3092756154954491,-0.8823470582632056
0,3,0,23.0,0,0,0,0,0,1,1,0.0,0.0,1.0,0.0,0.0,1.0,0.0,0.0,-0.45968598041107545,-0.806763380796033
0,3,0,18.0,0,0,0,0,0,1,1,0.0,0.0,1.0,0.0,0.0,1.0,0.0,0.0,-0.8357118927001413,-0.7560434444325566
1,1,1,39.0,1,1,0,1,0,1,1,1.0,0.0,0.0,0.0,1.0,0.0,0.0,0.0,0.7435969389139355,1.5182728441543658
0,3,0,21.0,0,0,0,0,0,1,1,0.0,0.0,1.0,0.0,0.0,1.0,0.0,0.0,-0.6100963453267019,-0.7165619336211217
0,3,0,25.0,0,0,1,0,0,1,1,0.0,0.0,1.0,0.0,0.0,1.0,0.0,0.0,-0.3092756154954491,-0.7841792430073967
1,3,0,32.0,0,0,0,0,0,7,0,0.0,0.0,1.0,0.0,0.0,1.0,0.0,0.0,0.2171606617092432,1.1248955097361604
1,1,0,40.0,0,0,1,1,0,1,1,1.0,0.0,0.0,0.0,0.0,1.0,0.0,0.0,0.8188021213717487,0.4770416648490861
0,3,0,20.0,0,0,0,0,0,1,1,0.0,0.0,1.0,0.0,0.0,1.0,0.0,0.0,-0.685301527784515,-0.798539974052802
0,2,0,16.0,0,0,0,0,0,2,0,0.0,0.0,1.0,0.0,0.0,1.0,0.0,0.0,-0.9861222576157678,-0.5368057694182641
1,1,1,30.0,0,0,0,0,0,2,0,1.0,0.0,0.0,0.0,1.0,0.0,0.0,0.0,0.06675029679361683,0.5198636196706229
0,3,0,34.5,0,0,0,0,0,1,1,1.0,0.0,0.0,0.0,0.0,1.0,0.0,0.0,0.40517361785377615,-0.9867906128533871
0,3,0,17.0,0,0,0,0,0,1,1,0.0,0.0,1.0,0.0,0.0,1.0,0.0,0.0,-0.9109170751579546,-0.7165619336211217
0,3,0,42.0,0,0,0,0,0,1,1,0.0,0.0,1.0,0.0,0.0,1.0,0.0,0.0,0.969212486287375,-0.8428609376877135
0,3,0,25.0,8,2,1,0,0,7,0,0.0,0.0,1.0,0.0,0.0,1.0,0.0,0.0,-0.3092756154954491,1.3361591794576348
0,3,0,35.0,0,0,0,0,0,1,1,1.0,0.0,0.0,0.0,0.0,1.0,0.0,0.0,0.4427762090826827,-0.8019236166026618
0,2,0,28.0,0,1,0,0,0,3,0,0.0,0.0,1.0,0.0,0.0,0.0,0.0,1.0,-0.08366006812200955,0.5824597491940529
1,1,1,35.0,1,0,1,1,0,2,0,1.0,0.0,0.0,0.0,0.0,0.0,1.0,0.0,0.4427762090826827,1.588760118059578
0,3,0,4.0,4,2,0,0,0,7,0,0.0,0.0,1.0,1.0,0.0,0.0,0.0,0.0,-1.8885844471095259,0.5286989276421437
0,3,0,74.0,0,0,0,0,0,1,1,0.0,0.0,1.0,0.0,0.0,1.0,0.0,0.0,3.375778324937397,-0.8160407306065733
0,3,1,9.0,1,1,0,0,0,2,0,1.0,0.0,0.0,0.0,1.0,0.0,0.0,0.0,-1.51255853482046,-0.1800831698720664
1,1,1,16.0,0,1,0,1,0,1,1,0.0,0.0,1.0,0.0,1.0,0.0,0.0,0.0,-0.9861222576157678,0.7605376956829671
0,2,1,44.0,1,0,0,0,0,2,0,0.0,0.0,1.0,0.0,0.0,0.0,1.0,0.0,1.1196228512030013,0.3444394801955362
1,3,1,18.0,0,1,0,0,0,1,1,0.0,0.0,1.0,0.0,0.0,0.0,1.0,0.0,-0.8357118927001413,-0.6455926003653025
1,1,1,45.0,1,1,0,0,0,2,0,0.0,0.0,1.0,0.0,0.0,0.0,1.0,0.0,1.1948280336608146,2.218822021910339
1,1,0,51.0,0,0,0,1,0,1,1,0.0,0.0,1.0,0.0,0.0,1.0,0.0,0.0,1.6460591284076938,0.36526093570402607
1,3,1,24.0,0,3,0,0,0,4,0,1.0,0.0,0.0,0.0,0.0,0.0,1.0,0.0,-0.3844807979532623,0.047825129435189045
0,3,0,25.0,0,0,1,0,0,1,1,1.0,0.0,0.0,0.0,0.0,1.0,0.0,0.0,-0.3092756154954491,-0.8823470582632056
0,3,0,41.0,2,0,0,0,0,1,1,0.0,0.0,1.0,0.0,0.0,1.0,0.0,0.0,0.8940073038295618,-0.2550339477875714
0,2,0,21.0,1,0,0,0,0,1,1,0.0,0.0,1.0,0.0,0.0,1.0,0.0,0.0,-0.6100963453267019,-0.4507125974257932
1,1,1,48.0,0,0,0,1,0,1,1,0.0,0.0,1.0,0.0,0.0,0.0,1.0,0.0,1.4204435810342542,0.3417284274758476
0,3,1,21.5,8,2,1,0,0,7,0,0.0,0.0,1.0,0.0,1.0,0.0,0.0,0.0,-0.5724937540977952,1.3361591794576348
0,2,0,24.0,0,0,0,0,0,1,1,0.0,0.0,1.0,0.0,0.0,1.0,0.0,0.0,-0.3844807979532623,-0.3336984726090336
1,2,1,42.0,0,0,0,0,0,1,1,0.0,0.0,1.0,0.0,0.0,0.0,1.0,0.0,0.969212486287375,-0.3336984726090336
1,2,1,27.0,1,0,0,0,0,1,1,1.0,0.0,0.0,0.0,1.0,0.0,0.0,0.0,-0.15886525057982273,-0.272262193114855
0,1,0,31.0,0,0,0,1,0,1,1,0.0,0.0,1.0,0.0,0.0,1.0,0.0,0.0,0.14195547925143,1.0110997852233976
0,3,0,25.0,0,0,1,0,0,1,1,0.0,0.0,1.0,0.0,0.0,1.0,0.0,0.0,-0.3092756154954491,-0.6307359423566569
1,3,0,4.0,1,1,0,0,0,3,0,0.0,0.0,1.0,1.0,0.0,0.0,0.0,0.0,-1.8885844471095259,-0.48145578049281335
0,3,0,26.0,0,0,0,0,0,1,1,0.0,0.0,1.0,0.0,0.0,1.0,0.0,0.0,-0.23407043303763592,-0.8019236166026618
1,1,1,47.0,1,1,0,1,0,2,0,0.0,0.0,1.0,0.0,0.0,0.0,1.0,0.0,1.345238398576441,1.0515683442816504
0,1,0,33.0,0,0,0,1,0,1,1,0.0,0.0,1.0,0.0,0.0,1.0,0.0,0.0,0.29236584416705635,-1.208550389612567
0,3,0,47.0,0,0,0,0,0,1,1,0.0,0.0,1.0,0.0,0.0,1.0,0.0,0.0,1.345238398576441,-0.6811127586453682
1,2,1,28.0,1,0,0,0,0,2,0,1.0,0.0,0.0,0.0,0.0,0.0,1.0,0.0,-0.08366006812200955,0.26497567234198965
1,3,1,15.0,0,0,0,0,0,1,1,1.0,0.0,0.0,0.0,1.0,0.0,0.0,0.0,-1.061327440073581,-0.8828741679067217
0,3,0,20.0,0,0,0,0,0,2,0,0.0,0.0,1.0,0.0,0.0,1.0,0.0,0.0,-0.685301527784515,-0.5972795597045879
0,3,0,19.0,0,0,0,0,0,1,1,0.0,0.0,1.0,0.0,0.0,1.0,0.0,0.0,-0.7605067102423282,-0.8019236166026618
0,3,0,25.0,0,0,1,0,0,1,1,0.0,0.0,1.0,0.0,0.0,1.0,0.0,0.0,-0.3092756154954491,-0.8019236166026618
1,1,1,56.0,0,1,0,1,0,2,0,1.0,0.0,0.0,0.0,0.0,0.0,1.0,0.0,2.0220850406967594,1.5182728441543658
1,2,1,25.0,0,1,0,0,0,2,0,0.0,0.0,1.0,0.0,0.0,0.0,1.0,0.0,-0.3092756154954491,0.3444394801955362
0,3,0,33.0,0,0,0,0,0,1,1,0.0,0.0,1.0,0.0,0.0,1.0,0.0,0.0,0.29236584416705635,-0.8019236166026618
0,3,1,22.0,0,0,0,0,0,1,1,0.0,0.0,1.0,0.0,1.0,0.0,0.0,0.0,-0.5348911628688886,-0.5353074585700541
0,2,0,28.0,0,0,0,0,0,1,1,0.0,0.0,1.0,0.0,0.0,1.0,0.0,0.0,-0.08366006812200955,-0.5368057694182641
0,3,0,25.0,0,0,0,0,0,1,1,0.0,0.0,1.0,0.0,0.0,1.0,0.0,0.0,-0.3092756154954491,-0.9050797531497118
0,3,1,39.0,0,5,0,0,0,5,0,0.0,1.0,0.0,0.0,0.0,0.0,1.0,0.0,0.7435969389139355,0.457519539438721
0,2,0,27.0,0,0,0,0,0,1,1,0.0,0.0,1.0,0.0,0.0,0.0,0.0,1.0,-0.15886525057982273,-0.3336984726090336
1,1,1,19.0,0,0,0,1,0,1,1,0.0,0.0,1.0,0.0,1.0,0.0,0.0,0.0,-0.7605067102423282,0.4870824563024251
0,3,1,21.5,1,2,1,0,0,2,0,0.0,0.0,1.0,0.0,1.0,0.0,0.0,0.0,-0.5724937540977952,0.24200663802437702
1,1,0,26.0,0,0,0,1,0,1,1,1.0,0.0,0.0,0.0,0.0,1.0,0.0,0.0,-0.23407043303763592,0.4870824563024251
0,3,0,32.0,0,0,0,0,0,1,1,0.0,1.0,0.0,0.0,0.0,1.0,0.0,0.0,0.2171606617092432,-0.8189865811572414
