Pclass,Sex,Age,SibSp,Parch,Family_size,Cabin_status,Alone,Embarked_nan,Age_nan,Embarked_C,Embarked_Q,Embarked_S,Title_Master,Title_Miss,Title_Mr,Title_Mrs,Title_Other,Age_scaled,Fare_log_scaled,Survived
1,1,54.0,0,0,1,1,1,0,0,0.0,0.0,1.0,0.0,0.0,1.0,0.0,0.0,1.888773364704389,1.0536186898027085,0
3,1,26.0,0,0,1,0,1,0,1,0.0,1.0,0.0,0.0,0.0,1.0,0.0,0.0,-0.23212158120222667,-0.15914652690546593,0
2,1,25.0,1,2,3,0,0,0,0,1.0,0.0,0.0,0.0,0.0,1.0,0.0,0.0,-0.3078678292703201,0.8282920084773573,0
3,1,26.0,1,0,1,0,1,0,0,1.0,0.0,0.0,0.0,0.0,1.0,0.0,0.0,-0.23212158120222667,-0.22734977173157042,0
3,0,22.0,0,0,1,0,1,0,0,0.0,0.0,1.0,0.0,1.0,0.0,0.0,0.0,-0.5351065734746003,-0.5336650297044978,0
3,0,31.0,1,1,3,0,0,0,0,0.0,0.0,1.0,0.0,0.0,0.0,1.0,0.0,0.1466096591382404,0.11776657970912631,1
1,1,49.0,1,0,2,1,0,0,0,1.0,0.0,0.0,0.0,0.0,1.0,0.0,0.0,1.510042124363922,1.6090731639010845,1
2,1,19.0,1,1,2,0,0,0,0,0.0,0.0,1.0,0.0,0.0,1.0,0.0,0.0,-0.7623453176788806,0.7029042943987152,0
2,1,24.0,0,0,1,0,1,0,0,0.0,0.0,1.0,0.0,0.0,1.0,0.0,0.0,-0.3836140773384135,-0.5351765107494875,0
3,1,16.0,0,0,1,0,1,0,0,0.0,0.0,1.0,0.0,0.0,1.0,0.0,0.0,-0.9895840618831608,-0.784724404505949,1
1,1,25.0,1,0,1,1,1,0,0,1.0,0.0,0.0,0.0,0.0,1.0,0.0,0.0,-0.3078678292703201,1.1218578429863693,1
3,1,39.0,0,0,2,0,0,0,0,0.0,0.0,1.0,0.0,0.0,1.0,0.0,0.0,0.7525796436829877,0.27988351438069276,0
3,0,47.0,1,0,1,0,1,0,0,0.0,0.0,1.0,0.0,0.0,0.0,1.0,0.0,1.3585496282277352,-0.22426746804580522,0
1,1,60.0,0,0,1,0,1,0,0,0.0,0.0,1.0,0.0,0.0,0.0,0.0,1.0,2.3432508531129495,0.3748193874565838,0
2,1,24.0,0,0,1,0,1,0,0,0.0,0.0,1.0,0.0,0.0,1.0,0.0,0.0,-0.3836140773384135,-0.33028389477929004,0
1,1,41.0,0,0,1,1,1,0,1,0.0,0.0,1.0,0.0,0.0,1.0,0.0,0.0,0.9040721398191746,1.016258137922098,0
2,0,27.0,1,0,2,0,0,0,0,0.0,0.0,1.0,0.0,0.0,0.0,1.0,0.0,-0.15637533313413327,0.14050191100822854,0
2,1,29.0,0,0,1,0,1,0,1,1.0,0.0,0.0,0.0,0.0,1.0,0.0,0.0,-0.0048828369979464345,-0.26801320198353873,1
3,1,38.0,0,0,1,0,1,0,0,0.0,0.0,1.0,0.0,0.0,1.0,0.0,0.0,0.6768333956148943,-0.8026247516712269,0
3,1,44.0,0,0,1,0,1,0,0,0.0,0.0,1.0,0.0,0.0,1.0,0.0,0.0,1.131310884023455,-0.784724404505949,0
2,0,21.0,0,0,1,0,1,0,0,0.0,0.0,1.0,0.0,1.0,0.0,0.0,0.0,-0.6108528215426937,-0.5351765107494875,1
3,0,24.0,0,2,2,1,0,0,0,0.0,0.0,1.0,0.0,0.0,0.0,1.0,0.0,-0.3836140773384135,-0.08602206604823324,1
2,0,45.0,0,0,1,0,1,0,0,0.0,0.0,1.0,0.0,0.0,0.0,1.0,0.0,1.2070571320915482,-0.29373292350686403,1
2,1,8.0,1,1,2,0,0,0,0,0.0,0.0,1.0,1.0,0.0,0.0,0.0,0.0,-1.595554046427908,0.7029042943987152,1
3,0,8.0,3,1,4,0,0,0,0,0.0,0.0,1.0,0.0,1.0,0.0,0.0,0.0,-1.595554046427908,0.14404676683461812,0
1,1,41.0,0,0,1,1,1,0,1,0.0,0.0,1.0,0.0,0.0,1.0,0.0,0.0,0.9040721398191746,0.6534633486505242,0
3,1,32.0,0,0,1,1,1,0,0,0.0,0.0,1.0,0.0,0.0,1.0,0.0,0.0,0.2223559072063338,-0.784724404505949,1
1,1,50.0,1,0,2,1,0,0,0,0.0,0.0,1.0,0.0,0.0,1.0,0.0,0.0,1.5857883724320154,1.130281326241595,0
3,1,21.0,0,0,1,0,1,0,0,0.0,0.0,1.0,0.0,0.0,1.0,0.0,0.0,-0.6108528215426937,-0.8139026653384837,0
2,0,50.0,0,0,1,0,1,0,0,0.0,0.0,1.0,0.0,1.0,0.0,0.0,0.0,1.5857883724320154,-0.5351765107494875,1
3,0,23.0,0,0,1,0,1,0,0,0.0,0.0,1.0,0.0,1.0,0.0,0.0,0.0,-0.45936032540650695,-0.7992113668030308,0
3,1,32.0,0,0,1,0,1,0,0,0.0,0.0,1.0,0.0,0.0,1.0,0.0,0.0,0.2223559072063338,-0.8075070575353541,1
3,0,22.0,0,0,1,0,1,0,1,0.0,1.0,0.0,0.0,1.0,0.0,0.0,0.0,-0.5351065734746003,-0.8198377001901485,0
3,0,21.0,2,2,4,0,0,0,0,0.0,0.0,1.0,0.0,1.0,0.0,0.0,0.0,-0.6108528215426937,0.6352212747128362,0
3,1,26.0,0,0,1,0,1,0,1,0.0,1.0,0.0,0.0,0.0,1.0,0.0,0.0,-0.23212158120222667,-0.8198377001901485,0
3,1,25.0,0,0,1,0,1,0,0,1.0,0.0,0.0,0.0,0.0,1.0,0.0,0.0,-0.3078678292703201,-0.8842868607213866,0
3,1,15.0,1,1,1,0,1,0,0,1.0,0.0,0.0,0.0,0.0,1.0,0.0,0.0,-1.0653303099512543,-0.8837551177684755,0
3,0,31.0,1,0,1,0,1,0,0,0.0,0.0,1.0,0.0,0.0,0.0,1.0,0.0,0.1466096591382404,-0.012199651727069436,0
2,1,25.0,0,0,1,0,1,0,0,0.0,0.0,1.0,0.0,0.0,1.0,0.0,0.0,-0.3078678292703201,-0.33028389477929004,0
2,1,54.0,0,0,2,0,0,0,0,0.0,0.0,1.0,0.0,0.0,1.0,0.0,0.0,1.888773364704389,0.3538149107368302,0
1,1,28.0,0,0,1,0,1,0,0,0.0,0.0,1.0,0.0,0.0,1.0,0.0,0.0,-0.08062908506603986,0.9552795205376984,0
1,0,38.0,0,0,2,1,0,1,0,0.0,0.0,1.0,0.0,1.0,0.0,0.0,0.0,0.6768333956148943,1.4981248545807073,1
2,0,41.0,0,1,2,0,0,0,0,0.0,0.0,1.0,0.0,0.0,0.0,1.0,0.0,0.9040721398191746,0.0669469497115936,1
3,1,33.0,0,0,1,0,1,0,0,1.0,0.0,0.0,0.0,0.0,1.0,0.0,0.0,0.29810215527442724,-0.7165127369653546,0
2,1,52.0,0,0,1,0,1,0,0,0.0,0.0,1.0,0.0,0.0,1.0,0.0,0.0,1.7372808685682022,-0.29373292350686403,0
3,1,16.0,1,1,2,0,0,0,0,0.0,0.0,1.0,0.0,0.0,1.0,0.0,0.0,-0.9895840618831608,0.10437357954614819,0
3,1,20.0,0,0,1,0,1,0,0,0.0,0.0,1.0,0.0,0.0,1.0,0.0,0.0,-0.6865990696107872,-0.784724404505949,0
3,1,9.0,4,2,4,0,0,0,0,0.0,0.0,1.0,1.0,0.0,0.0,0.0,0.0,-1.5198077983598148,0.5433183504658177,0
3,1,26.0,0,0,1,0,1,0,1,0.0,0.0,1.0,0.0,0.0,1.0,0.0,0.0,-0.23212158120222667,-0.777555788472179,1
3,1,26.0,0,0,1,0,1,0,1,0.0,1.0,0.0,0.0,0.0,1.0,0.0,0.0,-0.23212158120222667,-0.8104521826025184,0
3,1,26.0,0,0,1,0,1,0,1,0.0,0.0,1.0,0.0,0.0,1.0,0.0,0.0,-0.23212158120222667,-0.8026247516712269,0
1,0,54.0,1,0,1,0,1,0,0,1.0,0.0,0.0,0.0,0.0,0.0,1.0,0.0,1.888773364704389,1.192458099809574,1
3,1,26.0,0,0,1,0,1,0,0,0.0,0.0,1.0,0.0,0.0,1.0,0.0,0.0,-0.23212158120222667,-0.8026247516712269,0
1,1,60.0,1,1,1,1,1,0,0,1.0,0.0,0.0,0.0,0.0,1.0,0.0,0.0,2.3432508531129495,1.487786349869561,1
3,1,26.0,0,0,7,0,0,0,1,0.0,0.0,1.0,0.0,0.0,1.0,0.0,0.0,-0.23212158120222667,1.1411311719171864,1
1,0,44.0,0,1,2,1,0,0,0,1.0,0.0,0.0,0.0,0.0,0.0,1.0,0.0,1.131310884023455,1.1676636768146857,1
3,1,20.0,1,0,1,0,1,0,0,0.0,0.0,1.0,0.0,0.0,1.0,0.0,0.0,-0.6865990696107872,-0.7992113668030308,1
3,1,26.0,3,1,4,0,0,0,1,0.0,0.0,1.0,1.0,0.0,0.0,0.0,0.0,-0.23212158120222667,0.3330355672622122,0
2,1,16.0,0,0,2,0,0,0,0,0.0,0.0,1.0,0.0,0.0,1.0,0.0,0.0,-0.9895840618831608,-0.5351765107494875,0
3,0,43.0,1,6,6,0,0,0,0,0.0,0.0,1.0,0.0,0.0,0.0,1.0,0.0,1.0555646359553614,0.9509395317658309,0
3,1,17.0,0,0,1,0,1,0,0,0.0,0.0,1.0,0.0,0.0,1.0,0.0,0.0,-0.9138378138150675,-0.7165127369653546,0
1,1,37.0,1,1,2,1,0,0,0,0.0,0.0,1.0,0.0,0.0,1.0,0.0,0.0,0.6010871475468009,1.0671594585042232,1
2,1,62.0,0,0,1,0,1,0,0,0.0,0.0,1.0,0.0,0.0,1.0,0.0,0.0,2.4947433492491364,-0.5351765107494875,1
3,1,8.0,4,1,5,0,0,0,0,0.0,1.0,0.0,1.0,0.0,0.0,0.0,0.0,-1.595554046427908,0.46788894705352085,0
3,1,32.0,0,0,7,0,0,0,0,0.0,0.0,1.0,0.0,0.0,1.0,0.0,0.0,0.2223559072063338,1.1411311719171864,1
3,0,20.0,1,0,1,0,1,0,0,0.0,0.0,1.0,0.0,1.0,0.0,0.0,0.0,-0.6865990696107872,-0.5981813505524581,0
2,0,28.0,0,0,1,0,1,0,0,0.0,0.0,1.0,0.0,1.0,0.0,0.0,0.0,-0.08062908506603986,-0.33028389477929004,1
3,0,21.0,0,0,1,0,1,0,0,0.0,1.0,0.0,0.0,1.0,0.0,0.0,0.0,-0.6108528215426937,-0.8198377001901485,0
3,1,37.0,2,0,1,0,1,0,0,0.0,0.0,1.0,0.0,0.0,1.0,0.0,0.0,0.6010871475468009,-0.7992113668030308,0
3,0,17.0,0,0,2,0,0,0,0,1.0,0.0,0.0,0.0,1.0,0.0,0.0,0.0,-0.9138378138150675,-0.2270734729658221,0
3,0,22.0,0,0,1,0,1,0,1,0.0,1.0,0.0,0.0,1.0,0.0,0.0,0.0,-0.5351065734746003,-0.8198377001901485,1
1,1,46.0,1,0,1,1,1,0,0,0.0,0.0,1.0,0.0,0.0,1.0,0.0,0.0,1.2828033801596417,1.222626760466434,0
3,1,26.0,0,0,1,0,1,0,1,0.0,0.0,1.0,0.0,0.0,1.0,0.0,0.0,-0.23212158120222667,-0.18470844283826027,0
3,1,24.0,0,0,1,0,1,0,0,0.0,0.0,1.0,0.0,0.0,1.0,0.0,0.0,-0.3836140773384135,-0.784724404505949,0
1,1,29.0,1,0,2,1,0,0,0,0.0,0.0,1.0,0.0,0.0,1.0,0.0,0.0,-0.0048828369979464345,1.309761450056941,0
1,0,56.0,0,1,2,1,0,0,0,1.0,0.0,0.0,0.0,0.0,0.0,1.0,0.0,2.040265860840576,1.5379663047683383,1
2,1,31.0,1,1,2,0,0,0,0,1.0,0.0,0.0,0.0,0.0,1.0,0.0,0.0,0.1466096591382404,0.7098946565362115,0
3,1,26.0,0,0,1,0,1,0,1,0.0,1.0,0.0,0.0,0.0,1.0,0.0,0.0,-0.23212158120222667,-0.8198377001901485,1
2,1,32.0,1,0,2,0,0,0,0,0.0,0.0,1.0,0.0,0.0,1.0,0.0,0.0,0.2223559072063338,0.3538149107368302,1
3,1,33.0,1,1,3,0,0,0,0,0.0,0.0,1.0,0.0,0.0,1.0,0.0,0.0,0.29810215527442724,0.11776657970912631,0
3,1,59.0,0,0,1,0,1,0,0,0.0,0.0,1.0,0.0,0.0,1.0,0.0,0.0,2.267504605044856,-0.8811257177842515,0
1,0,58.0,0,0,1,1,1,0,0,0.0,0.0,1.0,0.0,1.0,0.0,0.0,0.0,2.1917583569767625,0.3748193874565838,1
3,0,22.0,1,0,2,0,0,0,1,0.0,0.0,1.0,0.0,0.0,0.0,1.0,0.0,-0.5351065734746003,-0.12194272214359861,1
2,0,3.0,1,2,3,0,0,0,0,1.0,0.0,0.0,0.0,1.0,0.0,0.0,0.0,-1.9742852867683753,0.8282920084773573,1
3,1,26.0,0,0,1,0,1,0,1,1.0,0.0,0.0,0.0,0.0,1.0,0.0,0.0,-0.23212158120222667,-0.8026247516712269,0
1,0,16.0,0,1,2,1,0,0,0,1.0,0.0,0.0,0.0,1.0,0.0,0.0,0.0,-0.9895840618831608,1.1676636768146857,1
3,0,45.0,1,4,6,0,0,0,0,0.0,0.0,1.0,0.0,0.0,0.0,1.0,0.0,1.2070571320915482,0.4246483508469598,0
1,0,43.0,0,1,3,1,0,0,0,0.0,0.0,1.0,0.0,0.0,0.0,1.0,0.0,1.0555646359553614,2.501939718511447,1
1,0,30.0,0,0,2,0,0,0,0,1.0,0.0,0.0,0.0,1.0,0.0,0.0,0.0,0.07086341107014699,1.792212944286666,1
3,1,28.5,0,0,2,0,0,0,0,0.0,0.0,1.0,0.0,0.0,1.0,0.0,0.0,-0.04275596103199314,-0.12194272214359861,0
3,1,24.0,0,0,1,0,1,0,0,0.0,0.0,1.0,0.0,0.0,1.0,0.0,0.0,-0.3836140773384135,-0.8143999092757832,0
2,1,30.0,0,0,1,0,1,0,0,0.0,0.0,1.0,0.0,0.0,1.0,0.0,0.0,0.07086341107014699,-0.33028389477929004,0
1,1,36.0,0,0,1,1,1,0,0,1.0,0.0,0.0,0.0,0.0,1.0,0.0,0.0,0.5253408994787074,0.7920969065041111,0
3,1,25.0,0,0,1,0,1,0,0,0.0,0.0,1.0,0.0,0.0,1.0,0.0,0.0,-0.3078678292703201,-0.9066876337170453,0
3,0,22.0,0,2,1,0,1,0,1,0.0,1.0,0.0,0.0,1.0,0.0,0.0,0.0,-0.5351065734746003,-0.8198377001901485,0
1,0,50.0,0,0,1,1,1,0,0,1.0,0.0,0.0,0.0,1.0,0.0,0.0,0.0,1.5857883724320154,0.453527883400541,0
3,0,0.75,2,1,4,0,0,0,0,1.0,0.0,0.0,0.0,1.0,0.0,0.0,0.0,-2.1447143449215855,0.05459331103885555,1
1,0,24.0,0,0,1,1,1,0,0,1.0,0.0,0.0,0.0,0.0,0.0,0.0,1.0,-0.3836140773384135,1.0060826515106145,1
2,0,24.0,1,2,2,0,0,0,0,0.0,0.0,1.0,0.0,1.0,0.0,0.0,0.0,-0.3836140773384135,1.2848118548521046,1
1,0,35.0,1,0,2,0,0,0,0,0.0,0.0,1.0,0.0,0.0,0.0,1.0,0.0,0.44959465141061405,1.0563244544087835,1
1,0,30.0,0,0,3,1,0,0,0,0.0,0.0,1.0,0.0,1.0,0.0,0.0,0.0,0.07086341107014699,1.578525257914135,1
2,1,23.0,0,0,1,0,1,0,0,0.0,0.0,1.0,0.0,0.0,1.0,0.0,0.0,-0.45936032540650695,-0.33028389477929004,0
3,1,26.0,0,0,1,0,1,0,1,0.0,0.0,1.0,0.0,0.0,1.0,0.0,0.0,-0.23212158120222667,-0.8026247516712269,0
2,1,27.0,0,0,1,0,1,0,0,0.0,0.0,1.0,0.0,0.0,1.0,0.0,0.0,-0.15637533313413327,0.3538149107368302,0
2,0,55.0,0,0,1,0,1,0,0,0.0,0.0,1.0,0.0,0.0,0.0,1.0,0.0,1.9645196127724824,-0.1280518059217785,1
1,0,35.0,1,0,2,1,0,0,0,0.0,0.0,1.0,0.0,0.0,0.0,1.0,0.0,0.44959465141061405,1.0777211989244448,1
3,1,26.0,0,0,1,0,1,0,1,0.0,1.0,0.0,0.0,0.0,1.0,0.0,0.0,-0.23212158120222667,-0.9317919604224623,0
1,0,35.0,0,0,1,0,1,0,1,1.0,0.0,0.0,0.0,0.0,0.0,1.0,0.0,0.44959465141061405,1.487786349869561,1
3,1,26.0,1,0,1,0,1,0,1,0.0,0.0,1.0,0.0,0.0,1.0,0.0,0.0,-0.23212158120222667,0.09039387392146443,0
2,0,23.0,0,0,1,1,1,0,0,1.0,0.0,0.0,0.0,0.0,0.0,1.0,0.0,-0.45936032540650695,-0.2729868733449113,1
3,0,22.0,0,0,1,0,1,0,1,0.0,1.0,0.0,0.0,1.0,0.0,0.0,0.0,-0.5351065734746003,-0.8218275596699968,1
1,0,23.0,1,0,3,1,0,0,0,1.0,0.0,0.0,0.0,1.0,0.0,0.0,0.0,-0.45936032540650695,1.8565990787296949,1
3,1,51.0,0,0,1,0,1,0,0,0.0,0.0,1.0,0.0,0.0,1.0,0.0,0.0,1.6615346205001087,-0.784724404505949,0
2,0,33.0,0,2,2,0,0,0,0,0.0,0.0,1.0,0.0,0.0,0.0,1.0,0.0,0.29810215527442724,0.3538149107368302,1
3,0,29.0,0,4,4,0,0,0,0,0.0,0.0,1.0,0.0,0.0,0.0,1.0,0.0,-0.0048828369979464345,0.14404676683461812,0
3,1,26.0,0,0,1,0,1,0,1,1.0,0.0,0.0,0.0,0.0,1.0,0.0,0.0,-0.23212158120222667,-0.8026247516712269,0
3,1,26.0,8,2,7,0,0,0,1,0.0,0.0,1.0,0.0,0.0,1.0,0.0,0.0,-0.23212158120222667,1.3542518555593583,0
2,0,2.0,1,1,2,0,0,0,0,0.0,0.0,1.0,0.0,1.0,0.0,0.0,0.0,-2.0500315348364686,0.3538149107368302,1
2,0,14.0,1,0,2,0,0,0,0,1.0,0.0,0.0,0.0,0.0,0.0,1.0,0.0,-1.1410765580193476,0.5000878808493708,1
2,1,54.0,1,0,2,0,0,0,0,0.0,0.0,1.0,0.0,0.0,0.0,0.0,1.0,1.888773364704389,0.3538149107368302,0
3,0,15.0,0,0,1,0,1,0,0,0.0,1.0,0.0,0.0,1.0,0.0,0.0,0.0,-1.0653303099512543,-0.7871211037142887,1
1,0,22.0,0,1,2,1,0,0,0,0.0,0.0,1.0,0.0,1.0,0.0,0.0,0.0,-0.5351065734746003,1.1136744869782815,1
2,1,27.0,0,0,1,0,1,0,0,0.0,0.0,1.0,0.0,0.0,1.0,0.0,0.0,-0.15637533313413327,-0.33028389477929004,0
3,1,26.0,0,0,1,0,1,0,1,0.0,0.0,1.0,0.0,0.0,1.0,0.0,0.0,-0.23212158120222667,-0.8026247516712269,0
1,1,41.0,0,0,1,0,1,0,1,1.0,0.0,0.0,0.0,0.0,0.0,0.0,1.0,0.9040721398191746,0.7787143352831487,0
2,0,28.0,1,0,2,0,0,0,0,1.0,0.0,0.0,0.0,0.0,0.0,1.0,0.0,-0.08062908506603986,0.273652613656195,1
3,1,39.0,0,0,1,0,1,0,0,0.0,0.0,1.0,0.0,0.0,1.0,0.0,0.0,0.7525796436829877,-0.7992113668030308,0
2,1,2.0,1,1,3,1,0,0,0,0.0,0.0,1.0,1.0,0.0,0.0,0.0,0.0,-2.0500315348364686,0.3538149107368302,1
3,1,24.0,1,0,1,0,1,0,0,0.0,0.0,1.0,0.0,0.0,1.0,0.0,0.0,-0.3836140773384135,-0.12194272214359861,0
3,1,32.0,0,0,1,0,1,0,0,0.0,0.0,1.0,0.0,0.0,1.0,0.0,0.0,0.2223559072063338,-0.8026247516712269,0
3,1,45.5,0,0,1,0,1,0,0,1.0,0.0,0.0,0.0,0.0,1.0,0.0,0.0,1.244930256125595,-0.8842868607213866,0
2,0,8.0,0,2,3,0,0,0,0,0.0,0.0,1.0,0.0,1.0,0.0,0.0,0.0,-1.595554046427908,0.3634149399685532,1
3,1,26.0,1,2,2,0,0,0,0,0.0,0.0,1.0,0.0,0.0,1.0,0.0,0.0,-0.23212158120222667,0.12018327638098583,0
1,0,29.0,0,0,3,1,0,0,0,0.0,0.0,1.0,0.0,1.0,0.0,0.0,0.0,-0.0048828369979464345,2.501939718511447,1
2,0,45.0,1,1,3,0,0,0,0,0.0,0.0,1.0,0.0,0.0,0.0,1.0,0.0,1.2070571320915482,0.3634149399685532,1
3,0,36.0,1,0,1,0,1,0,0,0.0,0.0,1.0,0.0,0.0,0.0,1.0,0.0,0.5253408994787074,-0.04562270533862861,1
1,1,41.0,0,0,1,1,1,0,1,0.0,0.0,1.0,0.0,0.0,1.0,0.0,0.0,0.9040721398191746,0.3538149107368302,0
3,0,4.0,0,2,1,0,1,0,0,0.0,0.0,1.0,0.0,1.0,0.0,0.0,0.0,-1.8985390387002818,0.18793423461136882,1
2,1,16.0,0,0,2,0,0,0,0,0.0,0.0,1.0,0.0,0.0,1.0,0.0,0.0,-0.9895840618831608,0.3538149107368302,0
1,1,58.0,0,0,1,1,1,0,0,1.0,0.0,0.0,0.0,0.0,1.0,0.0,0.0,2.1917583569767625,0.4875826725250628,0
3,1,40.5,0,2,1,0,1,0,0,0.0,0.0,1.0,0.0,0.0,1.0,0.0,0.0,0.8661990157851278,-0.22426746804580522,0
3,1,25.0,0,0,1,1,1,0,0,0.0,0.0,1.0,0.0,0.0,1.0,0.0,0.0,-0.3078678292703201,-0.8318101975041274,0
3,1,26.0,0,0,1,0,1,0,1,0.0,0.0,1.0,0.0,0.0,1.0,0.0,0.0,-0.23212158120222667,-0.8026247516712269,0
3,1,51.0,0,0,1,0,1,0,0,0.0,0.0,1.0,0.0,0.0,1.0,0.0,0.0,1.6615346205001087,-0.9061443341489741,0
2,1,29.0,0,0,3,0,0,0,1,0.0,0.0,1.0,0.0,0.0,1.0,0.0,0.0,-0.0048828369979464345,-3.0791149207948,0
3,0,17.0,4,2,1,0,1,0,0,0.0,0.0,1.0,0.0,1.0,0.0,0.0,0.0,-0.9138378138150675,-0.7992113668030308,1
3,1,26.0,0,0,1,0,1,0,1,0.0,1.0,0.0,0.0,0.0,1.0,0.0,0.0,-0.23212158120222667,-0.9197077507304082,0
3,1,40.0,1,1,2,0,0,0,0,0.0,1.0,0.0,0.0,0.0,1.0,0.0,0.0,0.8283258917510812,-0.15914652690546593,0
3,1,25.0,0,0,4,0,0,0,0,0.0,0.0,1.0,0.0,0.0,1.0,0.0,0.0,-0.3078678292703201,-3.0791149207948,1
1,1,47.0,0,0,1,1,1,0,0,0.0,0.0,1.0,0.0,0.0,1.0,0.0,0.0,1.3585496282277352,0.3377788294309343,0
1,1,41.0,0,0,1,1,1,0,1,0.0,0.0,1.0,0.0,0.0,1.0,0.0,0.0,0.9040721398191746,0.3748193874565838,0
2,1,44.0,1,0,1,0,1,0,0,0.0,0.0,1.0,0.0,0.0,1.0,0.0,0.0,1.131310884023455,0.3538149107368302,0
1,0,23.0,3,2,4,1,0,0,0,0.0,0.0,1.0,0.0,1.0,0.0,0.0,0.0,-0.45936032540650695,2.7287702366096758,1
2,1,18.0,0,0,1,0,1,0,0,0.0,0.0,1.0,0.0,0.0,1.0,0.0,0.0,-0.838091565746974,-0.44832657722259006,0
2,1,29.0,1,0,2,0,0,0,0,0.0,0.0,1.0,0.0,0.0,1.0,0.0,0.0,-0.0048828369979464345,0.14050191100822854,0
3,1,12.0,1,0,2,0,0,0,0,1.0,0.0,0.0,1.0,0.0,0.0,0.0,0.0,-1.2925690541555346,-0.4700756057684627,1
3,1,11.0,0,0,2,0,0,0,0,1.0,0.0,0.0,0.0,0.0,1.0,0.0,0.0,-1.3683153022236278,0.030101059832038368,0
3,0,22.0,0,0,1,0,1,0,0,0.0,1.0,0.0,0.0,1.0,0.0,0.0,0.0,-0.5351065734746003,-0.8198377001901485,1
2,1,19.0,0,0,1,0,1,0,0,0.0,0.0,1.0,0.0,0.0,1.0,0.0,0.0,-0.7623453176788806,-0.5351765107494875,0
3,1,22.0,1,0,1,0,1,0,0,0.0,0.0,1.0,0.0,0.0,1.0,0.0,0.0,-0.5351065734746003,-0.8811257177842515,0
3,1,33.0,0,0,1,0,1,0,0,0.0,0.0,1.0,0.0,0.0,1.0,0.0,0.0,0.29810215527442724,-0.8026247516712269,0
1,1,56.0,0,0,1,0,1,0,0,0.0,0.0,1.0,0.0,0.0,1.0,0.0,0.0,2.040265860840576,0.3748193874565838,0
2,1,1.0,0,2,2,0,0,0,0,1.0,0.0,0.0,1.0,0.0,0.0,0.0,0.0,-2.1257777829045623,0.7098946565362115,1
3,1,22.0,0,0,1,0,1,0,0,0.0,0.0,1.0,0.0,0.0,1.0,0.0,0.0,-0.5351065734746003,-0.8143999092757832,0
3,1,26.0,0,0,1,0,1,0,1,1.0,0.0,0.0,0.0,0.0,1.0,0.0,0.0,-0.23212158120222667,-0.8837551177684755,0
3,1,26.0,0,0,1,0,1,0,1,0.0,1.0,0.0,0.0,0.0,1.0,0.0,0.0,-0.23212158120222667,-0.8198377001901485,0
3,1,7.0,4,1,5,0,0,0,0,0.0,1.0,0.0,1.0,0.0,0.0,0.0,0.0,-1.6713002944960016,0.46788894705352085,0
3,0,4.0,0,1,1,0,1,0,0,1.0,0.0,0.0,0.0,1.0,0.0,0.0,0.0,-1.8985390387002818,-0.2997339658113062,1
3,1,70.5,0,0,1,0,1,0,0,0.0,1.0,0.0,0.0,0.0,1.0,0.0,0.0,3.1385864578279303,-0.8198377001901485,0
2,1,18.0,0,0,1,0,1,0,0,0.0,0.0,1.0,0.0,0.0,1.0,0.0,0.0,-0.838091565746974,-0.33028389477929004,0
3,1,20.0,1,1,2,0,0,0,0,1.0,0.0,0.0,0.0,0.0,1.0,0.0,0.0,-0.6865990696107872,-0.14399939898473646,1
2,1,24.0,2,0,5,0,0,0,0,0.0,0.0,1.0,0.0,0.0,1.0,0.0,0.0,-0.3836140773384135,1.4109953355472844,0
3,1,26.0,0,0,1,0,1,0,1,1.0,0.0,0.0,0.0,0.0,1.0,0.0,0.0,-0.23212158120222667,-0.8842868607213866,0
2,0,34.0,0,0,1,1,1,0,0,0.0,0.0,1.0,0.0,0.0,0.0,1.0,0.0,0.3738484033425207,-0.5351765107494875,1
3,0,22.0,0,0,1,0,1,0,1,0.0,1.0,0.0,0.0,1.0,0.0,0.0,0.0,-0.5351065734746003,-0.8198377001901485,1
1,0,31.0,0,2,2,1,0,0,0,0.0,0.0,1.0,0.0,1.0,0.0,0.0,0.0,0.1466096591382404,2.2446733305676645,1
3,1,30.0,0,0,1,0,1,0,0,0.0,0.0,1.0,0.0,0.0,1.0,0.0,0.0,0.07086341107014699,-0.8026247516712269,0
2,1,18.0,0,0,1,0,1,0,0,0.0,0.0,1.0,0.0,0.0,1.0,0.0,0.0,-0.838091565746974,-0.44832657722259006,0
3,0,9.0,3,2,6,0,0,0,0,0.0,0.0,1.0,0.0,1.0,0.0,0.0,0.0,-1.5198077983598148,0.4246483508469598,0
1,0,39.0,1,1,3,1,0,0,0,0.0,0.0,1.0,0.0,0.0,0.0,1.0,0.0,0.7525796436829877,1.4936143801100819,1
1,0,33.0,1,0,2,1,0,0,0,0.0,0.0,1.0,0.0,0.0,0.0,1.0,0.0,0.29810215527442724,1.0777211989244448,1
1,1,70.0,1,1,2,1,0,0,0,0.0,0.0,1.0,0.0,0.0,0.0,0.0,1.0,3.1007133337938835,1.3754425395293097,0
1,0,24.0,0,0,2,1,0,0,0,1.0,0.0,0.0,0.0,0.0,0.0,0.0,1.0,-0.3836140773384135,1.3505543160062023,1
1,0,58.0,0,1,3,1,0,0,0,0.0,0.0,1.0,0.0,0.0,0.0,1.0,0.0,2.1917583569767625,2.170477227396113,1
3,1,21.0,0,0,1,0,1,0,0,0.0,0.0,1.0,0.0,0.0,1.0,0.0,0.0,-0.6108528215426937,-0.8075070575353541,0
1,0,17.0,1,0,2,1,0,0,0,1.0,0.0,0.0,0.0,0.0,0.0,1.0,0.0,-0.9138378138150675,1.815938342290019,1
3,0,28.0,1,1,2,0,0,0,0,0.0,0.0,1.0,0.0,0.0,0.0,1.0,0.0,-0.08062908506603986,-0.2310092119593298,0
1,0,24.0,0,0,2,1,0,0,0,1.0,0.0,0.0,0.0,1.0,0.0,0.0,0.0,-0.3836140773384135,1.5379663047683383,1
3,1,26.0,0,0,1,0,1,0,1,1.0,0.0,0.0,0.0,0.0,1.0,0.0,0.0,-0.23212158120222667,-0.8842868607213866,0
3,1,26.0,1,0,1,0,1,0,1,0.0,1.0,0.0,0.0,0.0,1.0,0.0,0.0,-0.23212158120222667,-0.15914652690546593,0
3,1,42.0,0,0,1,0,1,0,0,0.0,0.0,1.0,0.0,0.0,1.0,0.0,0.0,0.9798183878872679,-0.7165127369653546,0
3,1,18.0,1,0,1,0,1,0,0,0.0,0.0,1.0,0.0,0.0,1.0,0.0,0.0,-0.838091565746974,-0.9809838576344828,0
3,0,2.0,0,1,1,0,1,0,0,0.0,0.0,1.0,0.0,1.0,0.0,0.0,0.0,-2.0500315348364686,-0.38469017843233305,1
2,0,34.0,0,0,1,0,1,0,0,0.0,0.0,1.0,0.0,1.0,0.0,0.0,0.0,0.3738484033425207,-0.33028389477929004,1
3,1,3.0,4,2,4,0,0,0,0,0.0,0.0,1.0,1.0,0.0,0.0,0.0,0.0,-1.9742852867683753,0.5433183504658177,1
1,0,58.0,0,0,2,1,0,0,0,1.0,0.0,0.0,0.0,1.0,0.0,0.0,0.0,2.1917583569767625,2.1225823968651136,1
3,1,32.0,0,0,1,0,1,0,0,0.0,1.0,0.0,0.0,0.0,1.0,0.0,0.0,0.2223559072063338,-0.8198377001901485,0
3,1,31.0,0,0,1,0,1,0,0,0.0,0.0,1.0,0.0,0.0,1.0,0.0,0.0,0.1466096591382404,-0.7992113668030308,1
3,1,26.0,0,0,1,0,1,0,1,0.0,0.0,1.0,0.0,0.0,1.0,0.0,0.0,-0.23212158120222667,-0.8168659555257971,1
2,0,27.0,1,0,1,0,1,0,0,1.0,0.0,0.0,0.0,1.0,0.0,0.0,0.0,-0.15637533313413327,-0.2683075885668074,1
3,1,11.0,5,2,6,0,0,0,0,0.0,0.0,1.0,1.0,0.0,0.0,0.0,0.0,-1.3683153022236278,0.9509395317658309,0
2,1,23.0,0,0,1,0,1,0,0,0.0,0.0,1.0,0.0,0.0,1.0,0.0,0.0,-0.45936032540650695,-0.33028389477929004,0
1,1,40.0,0,0,1,1,1,0,0,0.0,0.0,1.0,0.0,0.0,1.0,0.0,0.0,0.8283258917510812,-3.0791149207948,0
3,1,26.0,0,0,1,0,1,0,1,1.0,0.0,0.0,0.0,0.0,1.0,0.0,0.0,-0.23212158120222667,-0.8837551177684755,0
3,0,28.0,0,0,1,0,1,0,0,0.0,0.0,1.0,0.0,1.0,0.0,0.0,0.0,-0.08062908506603986,-0.8026247516712269,0
2,0,28.0,0,0,1,0,1,0,0,0.0,0.0,1.0,0.0,0.0,0.0,0.0,1.0,-0.08062908506603986,-0.33028389477929004,1
3,1,26.0,1,0,1,0,1,0,1,0.0,0.0,1.0,0.0,0.0,1.0,0.0,0.0,-0.23212158120222667,0.09039387392146443,0
3,1,19.0,0,0,1,0,1,0,0,0.0,0.0,1.0,0.0,0.0,1.0,0.0,0.0,-0.7623453176788806,-0.5654284154219422,0
3,0,30.0,1,1,3,0,0,0,0,0.0,0.0,1.0,0.0,0.0,0.0,1.0,0.0,0.07086341107014699,0.27988351438069276,0
3,1,20.0,0,0,1,0,1,0,0,0.0,0.0,1.0,0.0,0.0,1.0,0.0,0.0,-0.6865990696107872,-0.8075070575353541,0
3,1,28.0,0,0,7,0,0,0,0,0.0,0.0,1.0,0.0,0.0,1.0,0.0,0.0,-0.08062908506603986,1.1411311719171864,0
3,1,36.0,0,0,4,0,0,0,0,0.0,0.0,1.0,0.0,0.0,1.0,0.0,0.0,0.5253408994787074,-3.0791149207948,0
3,1,26.0,0,0,1,0,1,0,1,0.0,0.0,1.0,0.0,0.0,1.0,0.0,0.0,-0.23212158120222667,-0.784724404505949,0
1,0,24.0,3,2,4,1,0,0,0,0.0,0.0,1.0,0.0,1.0,0.0,0.0,0.0,-0.3836140773384135,2.7287702366096758,1
3,1,28.5,0,0,1,0,1,0,0,1.0,0.0,0.0,0.0,0.0,1.0,0.0,0.0,-0.04275596103199314,-0.8837551177684755,0
3,0,24.0,0,3,4,0,0,0,0,1.0,0.0,0.0,0.0,0.0,0.0,1.0,0.0,-0.3836140773384135,0.05459331103885555,1
2,1,42.0,0,0,1,0,1,0,0,0.0,0.0,1.0,0.0,0.0,0.0,0.0,1.0,0.9798183878872679,-0.33028389477929004,0
1,1,54.0,0,1,2,1,0,0,0,0.0,0.0,1.0,0.0,0.0,1.0,0.0,0.0,1.888773364704389,1.4626468446708225,0
3,1,25.0,0,0,1,0,1,0,0,0.0,1.0,0.0,0.0,0.0,1.0,0.0,0.0,-0.3078678292703201,-0.8208261971086636,0
3,1,7.0,4,1,6,0,0,0,0,0.0,0.0,1.0,1.0,0.0,0.0,0.0,0.0,-1.6713002944960016,0.7809567382984401,0
3,1,25.0,1,0,2,0,0,0,0,0.0,0.0,1.0,0.0,0.0,1.0,0.0,0.0,-0.3078678292703201,-0.02322193234296938,0
3,0,27.0,0,1,2,1,0,0,0,0.0,0.0,1.0,0.0,0.0,0.0,1.0,0.0,-0.15637533313413327,-0.3700949494589615,1
3,0,24.0,1,0,2,0,0,0,0,0.0,0.0,1.0,0.0,0.0,0.0,1.0,0.0,-0.3836140773384135,-0.1372831437312491,1
3,1,26.0,0,0,1,0,1,0,1,0.0,0.0,1.0,0.0,0.0,1.0,0.0,0.0,-0.23212158120222667,-0.8811257177842515,0
2,0,28.0,0,0,1,0,1,0,0,0.0,0.0,1.0,0.0,0.0,0.0,1.0,0.0,-0.08062908506603986,-0.3566548171980403,1
3,1,19.0,0,0,2,0,0,0,0,0.0,0.0,1.0,0.0,0.0,1.0,0.0,0.0,-0.7623453176788806,-0.22426746804580522,0
3,1,22.0,0,0,1,0,1,0,0,0.0,0.0,1.0,0.0,0.0,1.0,0.0,0.0,-0.5351065734746003,-0.8811257177842515,0
3,0,22.0,0,0,1,0,1,0,1,1.0,0.0,0.0,0.0,0.0,0.0,1.0,0.0,-0.5351065734746003,-0.8842868607213866,1
3,0,22.0,8,2,7,0,0,0,1,0.0,0.0,1.0,0.0,1.0,0.0,0.0,0.0,-0.5351065734746003,1.3542518555593583,0
1,1,42.0,0,0,1,1,1,0,0,0.0,0.0,1.0,0.0,0.0,1.0,0.0,0.0,0.9798183878872679,0.3648473433090887,1
2,1,50.0,0,0,1,0,1,0,0,0.0,0.0,1.0,0.0,0.0,1.0,0.0,0.0,1.5857883724320154,-0.33028389477929004,0
2,1,3.0,1,1,3,0,0,0,0,0.0,0.0,1.0,1.0,0.0,0.0,0.0,0.0,-1.9742852867683753,0.02812522149379838,1
1,1,41.0,0,0,4,0,0,0,1,1.0,0.0,0.0,0.0,0.0,1.0,0.0,0.0,0.9040721398191746,2.578464328154743,0
3,0,18.0,2,0,2,0,0,0,0,0.0,0.0,1.0,0.0,1.0,0.0,0.0,0.0,-0.838091565746974,-0.012199651727069436,0
3,1,18.0,1,1,1,0,1,0,0,0.0,0.0,1.0,0.0,0.0,1.0,0.0,0.0,-0.838091565746974,-0.8075070575353541,0
1,1,44.0,2,0,2,1,0,0,0,0.0,1.0,0.0,0.0,0.0,0.0,0.0,1.0,1.131310884023455,1.619377387941151,0
1,1,41.0,0,0,1,1,1,0,1,0.0,0.0,1.0,0.0,0.0,1.0,0.0,0.0,0.9040721398191746,0.4977117228329803,1
1,1,41.0,0,0,1,0,1,0,1,0.0,0.0,1.0,0.0,0.0,1.0,0.0,0.0,0.9040721398191746,0.8481797907442075,0
3,1,26.0,1,0,3,0,0,0,1,0.0,1.0,0.0,0.0,0.0,1.0,0.0,0.0,-0.23212158120222667,0.27988351438069276,0
3,1,16.0,0,0,1,0,1,0,0,0.0,0.0,1.0,0.0,0.0,1.0,0.0,0.0,-0.9895840618831608,-0.8168659555257971,0
3,1,26.0,0,0,1,0,1,0,1,0.0,0.0,1.0,0.0,0.0,1.0,0.0,0.0,-0.23212158120222667,-0.8732645801054861,0
3,1,22.0,0,0,1,0,1,0,0,0.0,0.0,1.0,0.0,0.0,1.0,0.0,0.0,-0.5351065734746003,-0.8026247516712269,0
2,0,4.0,1,1,1,0,1,0,0,0.0,0.0,1.0,0.0,1.0,0.0,0.0,0.0,-1.8985390387002818,0.23113259568543315,1
2,1,29.0,0,0,1,0,1,0,1,0.0,0.0,1.0,0.0,0.0,1.0,0.0,0.0,-0.0048828369979464345,-0.33028389477929004,1
3,1,24.0,0,0,1,0,1,0,0,0.0,0.0,1.0,0.0,0.0,1.0,0.0,0.0,-0.3836140773384135,-0.8948895697828797,1
2,0,30.0,0,0,1,0,1,0,0,0.0,1.0,0.0,0.0,1.0,0.0,0.0,0.0,0.07086341107014699,-0.379802343098171,1
3,0,29.0,0,2,1,0,1,0,0,1.0,0.0,0.0,0.0,0.0,0.0,1.0,0.0,-0.0048828369979464345,-0.17531830897665998,1
3,1,24.0,0,0,1,0,1,0,0,0.0,0.0,1.0,0.0,0.0,1.0,0.0,0.0,-0.3836140773384135,-0.6299323326929841,0
1,0,45.0,1,1,2,0,0,0,0,0.0,0.0,1.0,0.0,0.0,0.0,1.0,0.0,1.2070571320915482,2.2446733305676645,1
2,0,32.0,0,0,1,0,1,0,0,0.0,0.0,1.0,0.0,0.0,0.0,1.0,0.0,0.2223559072063338,-0.33028389477929004,1
3,1,21.0,0,0,1,0,1,0,0,0.0,0.0,1.0,0.0,0.0,1.0,0.0,0.0,-0.6108528215426937,-0.7992113668030308,0
1,1,35.0,0,0,3,1,0,0,0,1.0,0.0,0.0,0.0,0.0,1.0,0.0,0.0,0.44959465141061405,3.421398373496335,1
3,0,22.0,8,2,7,0,0,0,1,0.0,0.0,1.0,0.0,1.0,0.0,0.0,0.0,-0.5351065734746003,1.3542518555593583,0
3,1,26.0,2,0,2,0,0,0,1,0.0,1.0,0.0,0.0,0.0,1.0,0.0,0.0,-0.23212158120222667,0.24192643112039647,1
1,1,36.0,0,1,3,1,0,0,0,1.0,0.0,0.0,0.0,0.0,1.0,0.0,0.0,0.5253408994787074,3.421398373496335,1
3,0,41.0,0,5,6,0,0,0,0,0.0,0.0,1.0,0.0,0.0,0.0,1.0,0.0,0.9040721398191746,0.7809567382984401,0
3,0,23.0,0,0,1,0,1,0,0,0.0,0.0,1.0,0.0,1.0,0.0,0.0,0.0,-0.45936032540650695,-0.8439219130223842,1
3,1,34.0,1,1,2,0,0,0,0,0.0,0.0,1.0,0.0,0.0,1.0,0.0,0.0,0.3738484033425207,-0.2310092119593298,0
2,0,28.0,0,0,3,0,0,0,1,0.0,0.0,1.0,0.0,1.0,0.0,0.0,0.0,-0.08062908506603986,0.593927384957007,1
3,1,26.0,0,0,3,0,0,0,1,0.0,1.0,0.0,0.0,0.0,1.0,0.0,0.0,-0.23212158120222667,0.27988351438069276,0
3,0,15.0,0,0,1,0,1,0,0,1.0,0.0,0.0,0.0,1.0,0.0,0.0,0.0,-1.0653303099512543,-0.8842868607213866,1
3,1,26.0,0,0,1,0,1,0,1,0.0,0.0,1.0,0.0,0.0,1.0,0.0,0.0,-0.23212158120222667,-0.784724404505949,0
3,0,18.0,0,0,1,0,1,0,0,0.0,0.0,1.0,0.0,1.0,0.0,0.0,0.0,-0.838091565746974,-0.8168659555257971,0
3,1,30.0,0,0,1,0,1,0,0,0.0,0.0,1.0,0.0,0.0,1.0,0.0,0.0,0.07086341107014699,-0.784724404505949,0
2,1,32.0,2,0,5,0,0,0,0,0.0,0.0,1.0,0.0,0.0,1.0,0.0,0.0,0.2223559072063338,1.4109953355472844,0
3,1,4.0,4,1,5,0,0,0,0,0.0,1.0,0.0,1.0,0.0,0.0,0.0,0.0,-1.8985390387002818,0.46788894705352085,0
3,1,2.0,4,1,5,0,0,0,0,0.0,1.0,0.0,1.0,0.0,0.0,0.0,0.0,-2.0500315348364686,0.46788894705352085,0
3,1,26.0,0,0,1,0,1,0,1,0.0,0.0,1.0,0.0,0.0,1.0,0.0,0.0,-0.23212158120222667,-0.784724404505949,0
3,1,26.0,2,0,1,0,1,0,1,1.0,0.0,0.0,0.0,0.0,1.0,0.0,0.0,-0.23212158120222667,0.17217241402590594,0
1,0,48.0,0,0,1,1,1,0,0,0.0,0.0,1.0,0.0,0.0,0.0,1.0,0.0,1.4342958762958284,0.3510800277833543,1
3,1,31.0,0,0,1,0,1,0,0,0.0,1.0,0.0,0.0,0.0,1.0,0.0,0.0,0.1466096591382404,-0.8198377001901485,0
1,1,47.0,0,0,1,1,1,0,0,0.0,0.0,1.0,0.0,0.0,1.0,0.0,0.0,1.3585496282277352,0.6247395032101919,0
3,0,26.0,1,0,2,0,0,0,0,0.0,0.0,1.0,0.0,0.0,0.0,1.0,0.0,-0.23212158120222667,-0.12194272214359861,0
3,1,9.0,5,2,6,0,0,0,0,0.0,0.0,1.0,1.0,0.0,0.0,0.0,0.0,-1.5198077983598148,0.9509395317658309,0
3,1,19.0,0,0,1,0,1,0,0,0.0,0.0,1.0,0.0,0.0,1.0,0.0,0.0,-0.7623453176788806,-0.784724404505949,1
3,1,26.0,0,0,1,0,1,0,1,0.0,0.0,1.0,0.0,0.0,1.0,0.0,0.0,-0.23212158120222667,-0.784724404505949,0
3,1,22.0,0,0,1,0,1,0,0,0.0,0.0,1.0,0.0,0.0,1.0,0.0,0.0,-0.5351065734746003,-0.6449195811660171,0
3,1,26.0,0,0,1,0,1,0,1,1.0,0.0,0.0,0.0,0.0,1.0,0.0,0.0,-0.23212158120222667,-0.8842868607213866,0
2,1,28.0,0,1,3,0,0,0,0,0.0,0.0,1.0,0.0,0.0,0.0,0.0,1.0,-0.08062908506603986,0.593927384957007,0
2,0,24.0,2,3,3,0,0,0,0,0.0,0.0,1.0,0.0,0.0,0.0,1.0,0.0,-0.3836140773384135,0.02812522149379838,1
3,1,17.0,0,0,1,0,1,0,0,0.0,0.0,1.0,0.0,0.0,1.0,0.0,0.0,-0.9138378138150675,-0.7165127369653546,0
3,1,26.0,1,0,2,0,0,0,1,0.0,1.0,0.0,0.0,0.0,1.0,0.0,0.0,-0.23212158120222667,-0.15914652690546593,0
3,0,22.0,3,1,4,0,0,0,1,0.0,0.0,1.0,0.0,1.0,0.0,0.0,0.0,-0.5351065734746003,0.3330355672622122,0
3,1,21.0,0,0,1,0,1,0,0,0.0,0.0,1.0,0.0,0.0,1.0,0.0,0.0,-0.6108528215426937,-0.784724404505949,0
1,1,51.0,0,0,1,1,1,0,0,0.0,0.0,1.0,0.0,0.0,1.0,0.0,0.0,1.6615346205001087,0.3748193874565838,1
3,0,3.0,3,1,4,0,0,0,0,0.0,0.0,1.0,0.0,1.0,0.0,0.0,0.0,-1.9742852867683753,0.14404676683461812,0
3,0,0.75,2,1,4,0,0,0,0,1.0,0.0,0.0,0.0,1.0,0.0,0.0,0.0,-2.1447143449215855,0.05459331103885555,1
3,1,26.0,0,0,1,0,1,0,1,1.0,0.0,0.0,0.0,0.0,1.0,0.0,0.0,-0.23212158120222667,-0.8837551177684755,0
3,1,34.0,0,0,1,0,1,0,0,0.0,0.0,1.0,0.0,0.0,1.0,0.0,0.0,0.3738484033425207,-0.784724404505949,0
2,0,18.0,0,1,2,0,0,0,0,0.0,0.0,1.0,0.0,1.0,0.0,0.0,0.0,-0.838091565746974,0.23113259568543315,1
1,0,44.0,0,0,1,1,1,0,0,1.0,0.0,0.0,0.0,0.0,0.0,1.0,0.0,1.131310884023455,0.41816962896757276,1
3,1,26.0,0,0,2,0,0,0,1,0.0,0.0,1.0,0.0,0.0,1.0,0.0,0.0,-0.23212158120222667,-0.22426746804580522,0
3,1,26.0,0,0,1,0,1,0,1,0.0,0.0,1.0,0.0,0.0,1.0,0.0,0.0,-0.23212158120222667,-0.6299323326929841,0
3,0,37.0,0,0,1,0,1,0,0,0.0,0.0,1.0,0.0,1.0,0.0,0.0,0.0,0.6010871475468009,-0.6212883345502289,0
2,1,21.0,1,0,1,0,1,0,0,0.0,0.0,1.0,0.0,0.0,1.0,0.0,0.0,-0.6108528215426937,-0.44832657722259006,0
1,1,36.0,1,0,2,1,0,0,0,0.0,0.0,1.0,0.0,0.0,1.0,0.0,0.0,0.5253408994787074,1.4832307846020156,0
3,1,32.0,0,0,1,0,1,0,0,0.0,0.0,1.0,0.0,0.0,1.0,0.0,0.0,0.2223559072063338,-0.7992113668030308,1
3,0,22.0,1,2,2,0,0,0,1,0.0,0.0,1.0,0.0,1.0,0.0,0.0,0.0,-0.5351065734746003,0.25048168084591194,0
3,1,26.0,0,0,1,0,1,0,0,0.0,0.0,1.0,0.0,0.0,1.0,0.0,0.0,-0.23212158120222667,-0.8168659555257971,0
1,1,80.0,0,0,1,1,1,0,0,0.0,0.0,1.0,0.0,0.0,1.0,0.0,0.0,3.858175814474818,0.4977117228329803,1
3,1,55.5,0,0,1,0,1,0,0,0.0,0.0,1.0,0.0,0.0,1.0,0.0,0.0,2.002392736806529,-0.784724404505949,0
2,1,60.0,1,1,2,0,0,0,0,0.0,0.0,1.0,0.0,0.0,1.0,0.0,0.0,2.3432508531129495,0.7632064190670539,0
3,1,26.0,0,0,1,0,1,0,1,0.0,1.0,0.0,0.0,0.0,1.0,0.0,0.0,-0.23212158120222667,-0.8218275596699968,0
3,1,18.0,0,0,1,0,1,0,0,0.0,0.0,1.0,0.0,0.0,1.0,0.0,0.0,-0.838091565746974,-0.8168659555257971,0
3,0,14.5,1,0,2,0,0,0,0,1.0,0.0,0.0,0.0,1.0,0.0,0.0,0.0,-1.103203433985301,-0.22734977173157042,0
2,1,19.0,0,0,1,0,1,0,0,0.0,0.0,1.0,0.0,0.0,1.0,0.0,0.0,-0.7623453176788806,-0.5351765107494875,1
2,0,4.0,2,1,2,1,0,0,0,0.0,0.0,1.0,0.0,1.0,0.0,0.0,0.0,-1.8985390387002818,0.7632064190670539,1
3,1,33.0,0,0,1,0,1,0,0,0.0,0.0,1.0,0.0,0.0,1.0,0.0,0.0,0.29810215527442724,-0.7174078428227713,0
3,1,21.0,0,0,1,0,1,0,0,0.0,1.0,0.0,0.0,0.0,1.0,0.0,0.0,-0.6108528215426937,-0.8218275596699968,0
3,0,10.0,0,2,3,0,0,0,0,0.0,0.0,1.0,0.0,1.0,0.0,0.0,0.0,-1.4440615502917213,0.27988351438069276,0
2,1,47.0,0,0,1,0,1,0,0,0.0,0.0,1.0,0.0,0.0,1.0,0.0,0.0,1.3585496282277352,-0.1911981572796584,0
3,0,2.0,4,2,7,0,0,0,0,0.0,0.0,1.0,0.0,1.0,0.0,0.0,0.0,-2.0500315348364686,0.5396940041896794,0
2,0,29.0,1,0,1,0,1,0,0,0.0,0.0,1.0,0.0,0.0,0.0,1.0,0.0,-0.0048828369979464345,0.3538149107368302,1
1,0,22.0,1,0,2,1,0,0,0,0.0,0.0,1.0,0.0,0.0,0.0,1.0,0.0,-0.5351065734746003,1.309761450056941,1
3,1,28.0,1,0,2,0,0,0,0,0.0,0.0,1.0,0.0,0.0,1.0,0.0,0.0,-0.08062908506603986,-0.1372831437312491,0
1,1,41.0,0,0,1,1,1,0,1,1.0,0.0,0.0,0.0,0.0,1.0,0.0,0.0,0.9040721398191746,0.4875826725250628,1
3,1,26.0,0,0,2,0,0,0,0,1.0,0.0,0.0,0.0,0.0,1.0,0.0,0.0,-0.23212158120222667,0.030101059832038368,1
3,1,33.0,0,0,1,0,1,0,0,0.0,0.0,1.0,0.0,0.0,1.0,0.0,0.0,0.29810215527442724,-0.6299323326929841,0
2,0,27.0,0,0,1,1,1,0,0,0.0,0.0,1.0,0.0,1.0,0.0,0.0,0.0,-0.15637533313413327,-0.5351765107494875,1
3,0,27.0,0,2,3,0,0,0,0,0.0,0.0,1.0,0.0,0.0,0.0,1.0,0.0,-0.15637533313413327,-0.4793399937802869,1
2,1,34.0,0,0,1,0,1,0,0,0.0,0.0,1.0,0.0,0.0,1.0,0.0,0.0,0.3738484033425207,-0.33028389477929004,0
3,1,26.0,0,0,1,0,1,0,1,1.0,0.0,0.0,0.0,0.0,1.0,0.0,0.0,-0.23212158120222667,-0.8837551177684755,1
1,1,30.0,0,0,1,1,1,0,0,1.0,0.0,0.0,0.0,0.0,1.0,0.0,0.0,0.07086341107014699,0.41922806559722475,0
3,1,30.0,1,0,2,0,0,0,0,0.0,0.0,1.0,0.0,0.0,1.0,0.0,0.0,0.07086341107014699,-0.12194272214359861,0
2,0,28.0,0,0,1,1,1,0,1,0.0,1.0,0.0,0.0,1.0,0.0,0.0,0.0,-0.08062908506603986,-0.379802343098171,1
3,1,26.0,0,0,1,0,1,0,1,0.0,0.0,1.0,0.0,0.0,1.0,0.0,0.0,-0.23212158120222667,-0.8168659555257971,0
1,0,53.0,2,0,1,1,1,0,0,0.0,0.0,1.0,0.0,0.0,0.0,1.0,0.0,1.8130271166362957,1.0460386824275583,1
3,1,32.0,0,0,1,0,1,0,0,0.0,0.0,1.0,0.0,0.0,1.0,0.0,0.0,0.2223559072063338,-0.7992113668030308,0
2,1,52.0,0,0,2,0,0,0,0,0.0,0.0,1.0,0.0,0.0,1.0,0.0,0.0,1.7372808685682022,-0.33028389477929004,0
1,1,52.0,1,1,3,1,0,0,0,0.0,0.0,1.0,0.0,0.0,1.0,0.0,0.0,1.7372808685682022,1.4936143801100819,0
3,0,39.0,1,5,7,0,0,0,0,0.0,0.0,1.0,0.0,0.0,0.0,1.0,0.0,0.7525796436829877,0.5396940041896794,0
1,0,2.0,1,2,4,1,0,0,0,0.0,0.0,1.0,0.0,1.0,0.0,0.0,0.0,-2.0500315348364686,2.157500050686793,0
3,1,44.0,0,0,1,0,1,0,0,0.0,0.0,1.0,0.0,0.0,1.0,0.0,0.0,1.131310884023455,-0.7992113668030308,1
2,1,51.0,0,0,1,0,1,0,0,0.0,0.0,1.0,0.0,0.0,0.0,0.0,1.0,1.6615346205001087,-0.3662371828331257,0
2,1,39.0,0,0,2,0,0,0,0,0.0,0.0,1.0,0.0,0.0,1.0,0.0,0.0,0.7525796436829877,0.3538149107368302,0
1,1,46.0,0,0,2,1,0,0,0,1.0,0.0,0.0,0.0,0.0,1.0,0.0,0.0,1.2828033801596417,1.487786349869561,0
1,1,17.0,0,2,4,1,0,0,0,1.0,0.0,0.0,0.0,0.0,1.0,0.0,0.0,-0.9138378138150675,1.8345678064171578,1
3,1,30.0,0,0,1,0,1,0,0,0.0,0.0,1.0,0.0,0.0,1.0,0.0,0.0,0.07086341107014699,-0.784724404505949,0
3,0,9.0,2,2,4,0,0,0,0,0.0,0.0,1.0,0.0,1.0,0.0,0.0,0.0,-1.5198077983598148,0.6352212747128362,0
3,1,27.0,0,0,1,0,1,0,0,0.0,0.0,1.0,0.0,0.0,1.0,0.0,0.0,-0.15637533313413327,-0.8143999092757832,1
3,1,21.0,0,0,1,0,1,0,0,0.0,0.0,1.0,0.0,0.0,1.0,0.0,0.0,-0.6108528215426937,-0.7165127369653546,0
3,1,26.0,0,0,7,0,0,0,1,0.0,0.0,1.0,0.0,0.0,1.0,0.0,0.0,-0.23212158120222667,1.1411311719171864,0
3,1,26.0,0,0,1,0,1,0,0,0.0,0.0,1.0,0.0,0.0,1.0,0.0,0.0,-0.23212158120222667,-0.8026247516712269,0
3,1,3.0,1,1,2,0,0,0,0,0.0,0.0,1.0,1.0,0.0,0.0,0.0,0.0,-1.9742852867683753,-0.13419693170063018,1
2,1,48.0,0,0,1,0,1,0,0,0.0,0.0,1.0,0.0,0.0,1.0,0.0,0.0,1.4342958762958284,-0.33028389477929004,0
1,0,36.0,0,0,3,1,0,0,0,1.0,0.0,0.0,0.0,1.0,0.0,0.0,0.0,0.5253408994787074,2.042724821998864,1
3,0,22.0,1,0,2,0,0,0,1,0.0,1.0,0.0,0.0,0.0,0.0,1.0,0.0,-0.5351065734746003,-0.15914652690546593,1
2,0,32.5,0,0,1,1,1,0,0,0.0,0.0,1.0,0.0,1.0,0.0,0.0,0.0,0.26022903124038055,-0.33028389477929004,1
1,0,33.0,0,0,3,1,0,0,0,0.0,0.0,1.0,0.0,0.0,0.0,0.0,1.0,0.29810215527442724,1.578525257914135,1
2,0,22.0,1,2,3,0,0,0,0,1.0,0.0,0.0,0.0,0.0,0.0,1.0,0.0,-0.5351065734746003,0.8282920084773573,1
3,1,19.0,0,0,1,0,1,0,0,0.0,1.0,0.0,0.0,0.0,1.0,0.0,0.0,-0.7623453176788806,-0.9462466589245907,0
3,1,74.0,0,0,1,0,1,0,0,0.0,0.0,1.0,0.0,0.0,1.0,0.0,0.0,3.4036983260662574,-0.8168659555257971,0
3,1,42.0,0,1,1,0,1,0,0,0.0,0.0,1.0,0.0,0.0,1.0,0.0,0.0,0.9798183878872679,-0.7447358332944375,0
1,0,40.0,0,0,3,1,0,0,0,0.0,0.0,1.0,0.0,1.0,0.0,0.0,0.0,0.8283258917510812,2.170477227396113,1
3,0,35.0,1,1,2,0,0,0,0,0.0,0.0,1.0,0.0,0.0,0.0,1.0,0.0,0.44959465141061405,0.10437357954614819,1
3,0,24.0,0,0,1,0,1,0,0,0.0,0.0,1.0,0.0,1.0,0.0,0.0,0.0,-0.3836140773384135,-0.6964942643305795,0
3,1,39.0,0,0,1,0,1,0,0,0.0,0.0,1.0,0.0,0.0,1.0,0.0,0.0,0.7525796436829877,-0.7992113668030308,1
2,1,32.5,1,0,2,0,0,0,0,1.0,0.0,0.0,0.0,0.0,1.0,0.0,0.0,0.26022903124038055,0.5000878808493708,0
2,1,1.0,2,1,2,1,0,0,0,0.0,0.0,1.0,1.0,0.0,0.0,0.0,0.0,-2.1257777829045623,0.7632064190670539,1
3,1,34.0,0,0,1,0,1,0,0,0.0,0.0,1.0,0.0,0.0,1.0,0.0,0.0,0.3738484033425207,-0.9809838576344828,0
1,1,64.0,1,4,4,1,0,0,0,0.0,0.0,1.0,0.0,0.0,1.0,0.0,0.0,2.646235845385323,2.7287702366096758,0
3,0,25.0,0,0,1,0,1,0,0,0.0,0.0,1.0,0.0,1.0,0.0,0.0,0.0,-0.3078678292703201,-0.8168659555257971,0
3,0,22.0,0,0,1,0,1,0,1,0.0,0.0,1.0,0.0,0.0,0.0,1.0,0.0,-0.5351065734746003,-0.784724404505949,0
3,1,1.0,1,2,2,0,0,0,0,0.0,0.0,1.0,1.0,0.0,0.0,0.0,0.0,-2.1257777829045623,0.12018327638098583,1
3,1,45.0,0,0,1,0,1,0,0,0.0,0.0,1.0,0.0,0.0,1.0,0.0,0.0,1.2070571320915482,-0.9164374315656898,0
2,1,31.0,1,1,3,0,0,0,0,0.0,0.0,1.0,0.0,0.0,1.0,0.0,0.0,0.1466096591382404,0.3634149399685532,0
3,0,21.0,1,0,1,0,1,0,0,0.0,0.0,1.0,0.0,1.0,0.0,0.0,0.0,-0.6108528215426937,-0.5981813505524581,0
3,1,25.0,0,0,1,0,1,0,0,0.0,0.0,1.0,0.0,0.0,1.0,0.0,0.0,-0.3078678292703201,-0.8026247516712269,0
1,0,15.0,0,1,3,1,0,0,0,0.0,0.0,1.0,0.0,1.0,0.0,0.0,0.0,-1.0653303099512543,2.501939718511447,1
3,1,26.0,0,0,1,0,1,0,0,0.0,0.0,1.0,0.0,0.0,1.0,0.0,0.0,-0.23212158120222667,-0.8035970398015168,0
2,1,30.0,0,0,1,0,1,0,0,0.0,0.0,1.0,0.0,0.0,1.0,0.0,0.0,0.07086341107014699,-0.5351765107494875,0
1,0,24.0,0,0,2,1,0,0,0,1.0,0.0,0.0,0.0,0.0,0.0,0.0,1.0,-0.3836140773384135,1.3505543160062023,1
2,1,35.0,0,0,1,0,1,0,0,0.0,0.0,1.0,0.0,0.0,1.0,0.0,0.0,0.44959465141061405,-0.5351765107494875,0
2,1,70.0,0,0,1,0,1,0,0,0.0,0.0,1.0,0.0,0.0,1.0,0.0,0.0,3.1007133337938835,-0.5351765107494875,0
1,1,41.0,0,0,1,1,1,0,1,0.0,0.0,1.0,0.0,0.0,1.0,0.0,0.0,0.9040721398191746,-3.0791149207948,0
3,1,21.0,0,0,2,0,0,0,0,0.0,0.0,1.0,0.0,0.0,1.0,0.0,0.0,-0.6108528215426937,-0.12194272214359861,0
3,0,18.0,0,1,1,0,1,0,0,0.0,0.0,1.0,0.0,0.0,0.0,1.0,0.0,-0.838091565746974,-0.6449195811660171,1
3,0,22.0,0,0,1,0,1,0,1,0.0,1.0,0.0,0.0,1.0,0.0,0.0,0.0,-0.5351065734746003,-0.7747020995685261,0
3,1,1.0,5,2,6,0,0,0,0,0.0,0.0,1.0,1.0,0.0,0.0,0.0,0.0,-2.1257777829045623,0.9509395317658309,0
3,0,22.0,8,2,7,0,0,0,1,0.0,0.0,1.0,0.0,1.0,0.0,0.0,0.0,-0.5351065734746003,1.3542518555593583,0
3,1,26.0,0,0,7,0,0,0,0,0.0,0.0,1.0,0.0,0.0,1.0,0.0,0.0,-0.23212158120222667,1.1411311719171864,1
3,1,25.0,1,0,1,0,1,0,0,0.0,0.0,1.0,0.0,0.0,1.0,0.0,0.0,-0.3078678292703201,-0.8168659555257971,1
2,1,29.0,0,0,1,0,1,0,1,0.0,0.0,1.0,0.0,0.0,1.0,0.0,0.0,-0.0048828369979464345,-3.0791149207948,0
3,1,20.0,0,0,1,0,1,0,0,0.0,0.0,1.0,0.0,0.0,1.0,0.0,0.0,-0.6865990696107872,-0.6299323326929841,0
1,0,54.0,1,0,2,1,0,0,0,1.0,0.0,0.0,0.0,1.0,0.0,0.0,0.0,1.888773364704389,1.475594055701006,1
3,1,22.0,0,0,1,0,1,0,0,0.0,0.0,1.0,0.0,0.0,1.0,0.0,0.0,-0.5351065734746003,-0.784724404505949,0
2,1,59.0,0,0,1,0,1,0,0,0.0,0.0,1.0,0.0,0.0,1.0,0.0,0.0,2.267504605044856,-0.29373292350686403,0
2,0,54.0,1,3,1,0,1,0,0,0.0,0.0,1.0,0.0,0.0,0.0,1.0,0.0,1.888773364704389,0.23113259568543315,1
1,1,27.0,0,0,1,0,1,0,0,0.0,0.0,1.0,0.0,0.0,1.0,0.0,0.0,-0.15637533313413327,0.5143776111508925,1
1,1,31.0,1,0,1,1,1,0,0,0.0,0.0,1.0,0.0,0.0,1.0,0.0,0.0,0.1466096591382404,1.0563244544087835,0
1,1,22.0,0,0,3,0,0,0,0,1.0,0.0,0.0,0.0,0.0,1.0,0.0,0.0,-0.5351065734746003,2.042724821998864,0
1,1,33.0,0,0,1,1,1,0,0,0.0,0.0,1.0,0.0,0.0,1.0,0.0,0.0,0.29810215527442724,-1.2128257860721379,0
3,1,6.0,0,1,2,1,0,0,0,0.0,0.0,1.0,1.0,0.0,0.0,0.0,0.0,-1.747046542564095,-0.3700949494589615,1
3,0,5.0,4,2,4,0,0,0,0,0.0,0.0,1.0,0.0,1.0,0.0,0.0,0.0,-1.8227927906321884,0.5433183504658177,1
1,1,39.0,0,0,1,1,1,0,0,0.0,0.0,1.0,0.0,0.0,1.0,0.0,0.0,0.7525796436829877,-3.0791149207948,0
3,1,24.5,0,0,1,0,1,0,0,0.0,0.0,1.0,0.0,0.0,1.0,0.0,0.0,-0.3457409533043668,-0.784724404505949,0
2,1,54.0,0,0,1,0,1,0,0,0.0,0.0,1.0,0.0,0.0,0.0,0.0,1.0,1.888773364704389,-0.2584212097254257,0
3,1,26.0,0,0,1,0,1,0,1,0.0,0.0,1.0,0.0,0.0,1.0,0.0,0.0,-0.23212158120222667,-0.8439219130223842,0
3,1,26.0,0,0,1,0,1,0,1,0.0,0.0,1.0,0.0,0.0,1.0,0.0,0.0,-0.23212158120222667,-0.8026247516712269,0
3,1,30.0,0,0,1,0,1,0,0,1.0,0.0,0.0,0.0,0.0,1.0,0.0,0.0,0.07086341107014699,-0.8837551177684755,0
3,0,22.0,0,0,1,0,1,0,1,0.0,1.0,0.0,0.0,1.0,0.0,0.0,0.0,-0.5351065734746003,-0.8045702363720516,1
1,0,35.0,0,0,3,0,0,0,0,1.0,0.0,0.0,0.0,1.0,0.0,0.0,0.0,0.44959465141061405,3.421398373496335,1
1,0,21.0,0,0,3,1,0,0,0,0.0,0.0,1.0,0.0,1.0,0.0,0.0,0.0,-0.6108528215426937,1.471533653729269,1
1,1,32.0,0,0,1,1,1,0,0,1.0,0.0,0.0,0.0,0.0,0.0,0.0,1.0,0.2223559072063338,0.5143776111508925,1
3,1,16.0,0,0,1,0,1,0,0,0.0,0.0,1.0,0.0,0.0,1.0,0.0,0.0,-0.9895840618831608,-0.6299323326929841,0
3,0,22.0,0,0,1,0,1,0,0,0.0,0.0,1.0,0.0,1.0,0.0,0.0,0.0,-0.5351065734746003,-0.8811257177842515,1
3,1,26.0,0,0,1,0,1,0,1,0.0,0.0,1.0,0.0,0.0,1.0,0.0,0.0,-0.23212158120222667,-0.8026247516712269,0
1,1,38.0,1,0,2,1,0,0,0,0.0,0.0,1.0,0.0,0.0,1.0,0.0,0.0,0.6768333956148943,1.619377387941151,1
3,1,26.0,8,2,7,0,0,0,1,0.0,0.0,1.0,0.0,0.0,1.0,0.0,0.0,-0.23212158120222667,1.3542518555593583,0
2,1,25.0,1,0,1,0,1,0,0,0.0,0.0,1.0,0.0,0.0,1.0,0.0,0.0,-0.3078678292703201,0.3538149107368302,0
2,0,33.0,1,2,3,0,0,0,0,0.0,0.0,1.0,0.0,0.0,0.0,1.0,0.0,0.29810215527442724,0.41922806559722475,1
3,0,22.0,1,0,1,0,1,0,1,0.0,0.0,1.0,0.0,0.0,0.0,1.0,0.0,-0.5351065734746003,-0.12194272214359861,1
1,1,18.0,1,0,2,1,0,0,0,1.0,0.0,0.0,0.0,0.0,1.0,0.0,0.0,-0.838091565746974,1.815938342290019,0
3,1,26.0,1,0,2,0,0,0,1,0.0,0.0,1.0,0.0,0.0,1.0,0.0,0.0,-0.23212158120222667,-0.12194272214359861,0
3,1,26.0,0,0,1,0,1,0,1,0.0,0.0,1.0,0.0,0.0,1.0,0.0,0.0,-0.23212158120222667,-0.8026247516712269,0
3,1,2.0,4,1,6,0,0,0,0,0.0,0.0,1.0,1.0,0.0,0.0,0.0,0.0,-2.0500315348364686,0.7809567382984401,0
3,1,0.42,0,1,1,0,1,0,0,1.0,0.0,0.0,1.0,0.0,0.0,0.0,0.0,-2.169710606784056,-0.7323494343170085,1
2,1,26.0,0,0,1,0,1,0,0,0.0,0.0,1.0,0.0,0.0,1.0,0.0,0.0,-0.23212158120222667,-0.5351765107494875,0
3,1,41.0,0,0,1,0,1,0,0,0.0,0.0,1.0,0.0,0.0,1.0,0.0,0.0,0.9040721398191746,-0.8970282526064324,0
1,1,48.0,1,0,3,1,0,0,0,1.0,0.0,0.0,0.0,0.0,1.0,0.0,0.0,1.4342958762958284,1.4551921886445889,1
2,0,48.0,1,2,2,0,0,0,0,0.0,0.0,1.0,0.0,0.0,0.0,1.0,0.0,1.4342958762958284,1.2848118548521046,1
1,0,48.0,1,0,1,1,1,0,0,1.0,0.0,0.0,0.0,0.0,0.0,0.0,1.0,1.4342958762958284,0.7787143352831487,1
3,1,4.0,4,2,7,0,0,0,0,0.0,0.0,1.0,1.0,0.0,0.0,0.0,0.0,-1.8985390387002818,0.5396940041896794,0
1,0,39.0,1,0,2,1,0,0,0,0.0,0.0,1.0,0.0,0.0,0.0,1.0,0.0,0.7525796436829877,1.130281326241595,1
3,0,33.0,3,0,2,0,0,0,0,0.0,0.0,1.0,0.0,0.0,0.0,1.0,0.0,0.29810215527442724,-0.1372831437312491,1
2,1,29.0,0,0,1,0,1,0,0,0.0,0.0,1.0,0.0,0.0,1.0,0.0,0.0,-0.0048828369979464345,-0.5351765107494875,0
1,1,49.0,1,1,4,1,0,0,0,1.0,0.0,0.0,0.0,0.0,1.0,0.0,0.0,1.510042124363922,1.8345678064171578,0
3,1,26.0,8,2,7,0,0,0,1,0.0,0.0,1.0,1.0,0.0,0.0,0.0,0.0,-0.23212158120222667,1.3542518555593583,0
3,1,26.0,0,0,1,0,1,0,1,1.0,0.0,0.0,0.0,0.0,1.0,0.0,0.0,-0.23212158120222667,-0.8837551177684755,0
1,1,42.0,1,0,2,0,0,0,0,0.0,0.0,1.0,0.0,0.0,1.0,0.0,0.0,0.9798183878872679,1.0563244544087835,0
1,0,36.0,0,2,2,1,0,0,0,0.0,0.0,1.0,0.0,1.0,0.0,0.0,0.0,0.5253408994787074,1.3754425395293097,1
1,1,61.0,0,0,1,1,1,0,0,0.0,0.0,1.0,0.0,0.0,1.0,0.0,0.0,2.4189971011810427,0.6091334330943896,0
3,0,18.0,0,0,1,0,1,0,0,0.0,1.0,0.0,0.0,1.0,0.0,0.0,0.0,-0.838091565746974,-0.9462466589245907,0
3,0,18.0,0,0,1,0,1,0,0,0.0,0.0,1.0,0.0,1.0,0.0,0.0,0.0,-0.838091565746974,-0.8505457948614892,1
2,1,0.67,1,1,2,0,0,0,0,0.0,0.0,1.0,1.0,0.0,0.0,0.0,0.0,-2.150774044767033,-0.22426746804580522,1
3,1,32.0,0,0,7,0,0,0,0,0.0,0.0,1.0,0.0,0.0,1.0,0.0,0.0,0.2223559072063338,1.1411311719171864,1
3,1,26.0,0,0,1,0,1,0,1,0.0,0.0,1.0,0.0,0.0,1.0,0.0,0.0,-0.23212158120222667,-0.784724404505949,0
3,1,26.0,0,0,1,0,1,0,1,0.0,0.0,1.0,0.0,0.0,1.0,0.0,0.0,-0.23212158120222667,-0.784724404505949,0
3,0,22.0,1,0,2,0,0,0,1,1.0,0.0,0.0,0.0,1.0,0.0,0.0,0.0,-0.5351065734746003,-0.22734977173157042,0
3,1,16.0,0,0,1,0,1,0,0,0.0,0.0,1.0,0.0,0.0,1.0,0.0,0.0,-0.9895840618831608,-0.784724404505949,0
1,1,31.0,1,0,2,1,0,0,0,0.0,0.0,1.0,0.0,0.0,1.0,0.0,0.0,0.1466096591382404,1.1502254582507065,1
1,1,48.0,0,0,1,1,1,0,0,0.0,0.0,1.0,0.0,0.0,1.0,0.0,0.0,1.4342958762958284,0.3748193874565838,1
3,1,22.0,0,0,1,0,1,0,0,1.0,0.0,0.0,0.0,0.0,1.0,0.0,0.0,-0.5351065734746003,-0.8842868607213866,1
3,0,13.0,0,0,1,0,1,0,0,1.0,0.0,0.0,0.0,1.0,0.0,0.0,0.0,-1.216822806087441,-0.8837551177684755,1
3,1,32.0,1,0,2,0,0,0,0,0.0,0.0,1.0,0.0,0.0,1.0,0.0,0.0,0.2223559072063338,-0.1372831437312491,0
3,1,28.0,2,0,1,0,1,0,0,0.0,0.0,1.0,0.0,0.0,1.0,0.0,0.0,-0.08062908506603986,-0.7992113668030308,0
2,1,46.0,0,0,2,0,0,0,0,0.0,0.0,1.0,0.0,0.0,1.0,0.0,0.0,1.2828033801596417,0.3538149107368302,0
3,1,28.0,0,0,1,0,1,0,0,0.0,0.0,1.0,0.0,0.0,1.0,0.0,0.0,-0.08062908506603986,-0.8143999092757832,0
2,1,42.0,1,0,2,0,0,0,0,0.0,0.0,1.0,0.0,0.0,1.0,0.0,0.0,0.9798183878872679,0.3916952960994955,0
3,1,35.0,0,0,1,0,1,0,0,0.0,0.0,1.0,0.0,0.0,1.0,0.0,0.0,0.44959465141061405,-0.784724404505949,0
3,0,2.0,3,2,6,0,0,0,0,0.0,0.0,1.0,0.0,1.0,0.0,0.0,0.0,-2.0500315348364686,0.4246483508469598,0
3,0,31.0,0,0,1,0,1,0,0,0.0,0.0,1.0,0.0,0.0,0.0,1.0,0.0,0.1466096591382404,-0.7142729535546918,1
3,0,22.0,1,0,2,0,0,0,1,0.0,1.0,0.0,0.0,1.0,0.0,0.0,0.0,-0.5351065734746003,-0.15914652690546593,1
3,1,26.0,0,0,1,0,1,0,1,0.0,0.0,1.0,0.0,0.0,1.0,0.0,0.0,-0.23212158120222667,-0.8026247516712269,0
2,0,19.0,1,0,2,0,0,0,0,0.0,0.0,1.0,0.0,0.0,0.0,1.0,0.0,-0.7623453176788806,0.3538149107368302,1
3,1,20.0,0,0,1,0,1,0,0,0.0,0.0,1.0,0.0,0.0,1.0,0.0,0.0,-0.6865990696107872,-0.7165127369653546,0
3,1,14.0,5,2,6,0,0,0,0,0.0,0.0,1.0,0.0,0.0,1.0,0.0,0.0,-1.1410765580193476,0.9509395317658309,0
2,0,34.0,0,1,2,0,0,0,0,0.0,0.0,1.0,0.0,0.0,0.0,1.0,0.0,0.3738484033425207,0.23113259568543315,1
3,0,22.0,0,0,1,0,1,0,1,0.0,1.0,0.0,0.0,1.0,0.0,0.0,0.0,-0.5351065734746003,-0.8213267580539104,1
3,0,22.0,0,0,1,0,1,0,1,0.0,1.0,0.0,0.0,1.0,0.0,0.0,0.0,-0.5351065734746003,-0.8198377001901485,1
3,1,51.0,0,0,1,0,1,0,0,0.0,0.0,1.0,0.0,0.0,1.0,0.0,0.0,1.6615346205001087,-0.8198377001901485,0
3,0,22.0,0,0,1,0,1,0,1,0.0,1.0,0.0,0.0,1.0,0.0,0.0,0.0,-0.5351065734746003,-0.8343178602511669,0
3,0,22.0,0,0,1,0,1,0,1,0.0,1.0,0.0,0.0,1.0,0.0,0.0,0.0,-0.5351065734746003,-0.8198377001901485,1
3,0,22.0,0,0,1,0,1,0,1,0.0,1.0,0.0,0.0,1.0,0.0,0.0,0.0,-0.5351065734746003,-0.8198377001901485,1
3,1,28.0,0,0,1,0,1,0,0,0.0,0.0,1.0,0.0,0.0,1.0,0.0,0.0,-0.08062908506603986,-0.6299323326929841,0
2,1,25.0,0,0,1,0,1,0,0,0.0,0.0,1.0,0.0,0.0,1.0,0.0,0.0,-0.3078678292703201,-0.33028389477929004,0
1,1,19.0,3,2,4,1,0,0,0,0.0,0.0,1.0,0.0,0.0,1.0,0.0,0.0,-0.7623453176788806,2.7287702366096758,0
3,1,35.0,0,0,1,0,1,0,0,1.0,0.0,0.0,0.0,0.0,1.0,0.0,0.0,0.44959465141061405,-0.8026247516712269,0
1,0,35.0,1,0,2,1,0,0,0,0.0,0.0,1.0,0.0,0.0,0.0,1.0,0.0,0.44959465141061405,1.5418786254920507,1
3,1,9.0,1,1,2,0,0,0,0,0.0,0.0,1.0,1.0,0.0,0.0,0.0,0.0,-1.5198077983598148,-0.13419693170063018,1
3,1,20.0,0,0,1,0,1,0,0,1.0,0.0,0.0,0.0,0.0,1.0,0.0,0.0,-0.6865990696107872,-1.4001304136455808,0
2,1,42.0,0,0,1,0,1,0,0,0.0,0.0,1.0,0.0,0.0,1.0,0.0,0.0,0.9798183878872679,-0.33028389477929004,1
2,1,30.0,0,0,1,0,1,0,0,0.0,0.0,1.0,0.0,0.0,1.0,0.0,0.0,0.07086341107014699,-0.33028389477929004,0
2,1,29.0,0,0,1,0,1,0,1,0.0,0.0,1.0,0.0,0.0,1.0,0.0,0.0,-0.0048828369979464345,-3.0791149207948,0
3,1,21.0,0,0,1,0,1,0,0,0.0,0.0,1.0,0.0,0.0,1.0,0.0,0.0,-0.6108528215426937,-0.8143999092757832,1
3,1,47.0,0,0,1,0,1,0,0,0.0,0.0,1.0,0.0,0.0,1.0,0.0,0.0,1.3585496282277352,-0.8811257177842515,0
1,0,25.0,1,2,4,1,0,0,0,0.0,0.0,1.0,0.0,0.0,0.0,1.0,0.0,-0.3078678292703201,2.157500050686793,0
3,1,16.0,0,0,2,0,0,0,0,0.0,0.0,1.0,0.0,0.0,1.0,0.0,0.0,-0.9895840618831608,-0.6584216660075648,0
1,1,45.0,1,0,2,1,0,0,0,0.0,0.0,1.0,0.0,0.0,1.0,0.0,0.0,1.2070571320915482,1.5418786254920507,0
3,1,38.0,0,0,1,0,1,0,0,0.0,0.0,1.0,0.0,0.0,1.0,0.0,0.0,0.6768333956148943,-0.7165127369653546,0
1,1,56.0,0,0,1,1,1,0,0,1.0,0.0,0.0,0.0,0.0,0.0,0.0,1.0,2.040265860840576,0.6678304150282446,1
3,0,22.0,1,1,2,1,0,0,1,1.0,0.0,0.0,0.0,1.0,0.0,0.0,0.0,-0.5351065734746003,0.20290384026999592,1
1,1,31.0,0,0,1,1,1,0,0,0.0,0.0,1.0,0.0,0.0,1.0,0.0,0.0,0.1466096591382404,1.026335179611979,0
1,0,30.0,0,0,2,1,0,0,0,0.0,0.0,1.0,0.0,1.0,0.0,0.0,0.0,0.07086341107014699,1.6586875549947695,1
1,1,41.0,0,0,1,0,1,0,1,1.0,0.0,0.0,0.0,0.0,1.0,0.0,0.0,0.9040721398191746,0.41816962896757276,0
3,0,14.0,0,0,1,0,1,0,0,0.0,0.0,1.0,0.0,1.0,0.0,0.0,0.0,-1.1410765580193476,-0.8075070575353541,0
3,0,16.0,0,0,1,0,1,0,0,0.0,1.0,0.0,0.0,1.0,0.0,0.0,0.0,-0.9895840618831608,-0.8218275596699968,1
3,0,40.0,1,0,1,0,1,0,0,0.0,0.0,1.0,0.0,0.0,0.0,1.0,0.0,0.8283258917510812,-0.6324152797526779,0
1,1,55.0,0,0,1,1,1,0,0,0.0,0.0,1.0,0.0,0.0,1.0,0.0,0.0,1.9645196127724824,0.5143776111508925,0
3,1,19.0,0,0,1,0,1,0,0,0.0,0.0,1.0,0.0,0.0,1.0,0.0,0.0,-0.7623453176788806,-0.8168659555257971,0
1,1,45.0,0,0,1,0,1,0,0,0.0,0.0,1.0,0.0,0.0,1.0,0.0,0.0,1.2070571320915482,0.3748193874565838,1
1,0,36.0,1,2,4,1,0,0,0,0.0,0.0,1.0,0.0,0.0,0.0,1.0,0.0,0.5253408994787074,1.9161603610536861,1
3,0,27.0,0,0,1,0,1,0,0,0.0,0.0,1.0,0.0,1.0,0.0,0.0,0.0,-0.15637533313413327,-0.7992113668030308,1
1,0,49.0,1,0,3,1,0,0,0,1.0,0.0,0.0,0.0,0.0,0.0,1.0,0.0,1.510042124363922,1.4551921886445889,1
1,0,41.0,0,0,2,1,0,0,0,1.0,0.0,0.0,0.0,1.0,0.0,0.0,0.0,0.9040721398191746,2.034049313764834,1
1,1,19.0,1,0,1,1,1,0,0,0.0,0.0,1.0,0.0,0.0,1.0,0.0,0.0,-0.7623453176788806,1.0777211989244448,0
3,1,33.0,0,0,1,0,1,0,0,0.0,0.0,1.0,0.0,0.0,1.0,0.0,0.0,0.29810215527442724,-0.8168659555257971,0
1,1,27.0,1,0,2,1,0,0,0,0.0,0.0,1.0,0.0,0.0,1.0,0.0,0.0,-0.15637533313413327,1.0777211989244448,1
1,1,41.0,0,0,1,0,1,0,1,1.0,0.0,0.0,0.0,0.0,1.0,0.0,0.0,0.9040721398191746,0.41816962896757276,0
1,1,35.0,0,0,1,1,1,0,0,0.0,0.0,1.0,0.0,0.0,1.0,0.0,0.0,0.44959465141061405,0.3648473433090887,1
3,0,29.0,1,1,2,1,0,0,0,0.0,0.0,1.0,0.0,0.0,0.0,1.0,0.0,-0.0048828369979464345,-0.5385785686404676,0
2,0,30.0,3,0,2,0,0,0,0,0.0,0.0,1.0,0.0,0.0,0.0,1.0,0.0,0.07086341107014699,0.14050191100822854,1
3,1,34.0,0,0,1,0,1,0,0,0.0,0.0,1.0,0.0,0.0,1.0,0.0,0.0,0.3738484033425207,-0.784724404505949,0
3,1,29.0,0,0,1,0,1,0,0,1.0,0.0,0.0,0.0,0.0,1.0,0.0,0.0,-0.0048828369979464345,-0.8026247516712269,1
1,0,19.0,0,0,1,1,1,0,0,0.0,0.0,1.0,0.0,1.0,0.0,0.0,0.0,-0.7623453176788806,0.4977117228329803,1
1,0,35.0,0,0,3,1,0,0,0,0.0,0.0,1.0,0.0,1.0,0.0,0.0,0.0,0.44959465141061405,2.042724821998864,1
3,1,26.0,8,2,7,0,0,0,1,0.0,0.0,1.0,0.0,0.0,1.0,0.0,0.0,-0.23212158120222667,1.3542518555593583,0
2,0,40.0,0,0,1,0,1,0,0,0.0,0.0,1.0,0.0,0.0,0.0,1.0,0.0,0.8283258917510812,-0.14348313702712187,1
1,1,62.0,0,0,1,0,1,0,0,0.0,0.0,1.0,0.0,0.0,1.0,0.0,0.0,2.4947433492491364,0.3748193874565838,0
3,0,25.0,1,0,1,0,1,0,0,0.0,0.0,1.0,0.0,1.0,0.0,0.0,0.0,-0.3078678292703201,-0.7992113668030308,0
3,1,26.0,0,0,1,0,1,0,0,0.0,0.0,1.0,0.0,0.0,1.0,0.0,0.0,-0.23212158120222667,-0.784724404505949,0
3,0,18.0,0,1,2,0,0,0,0,1.0,0.0,0.0,0.0,1.0,0.0,0.0,0.0,-0.838091565746974,-0.22734977173157042,0
2,1,34.0,1,0,2,0,0,0,0,0.0,0.0,1.0,0.0,0.0,1.0,0.0,0.0,0.3738484033425207,0.14050191100822854,0
3,1,48.0,0,0,1,0,1,0,0,0.0,0.0,1.0,0.0,0.0,1.0,0.0,0.0,1.4342958762958284,-0.8075070575353541,0
3,1,28.0,0,0,1,0,1,0,0,0.0,0.0,1.0,0.0,0.0,1.0,0.0,0.0,-0.08062908506603986,-0.8026247516712269,0
3,1,24.0,2,0,2,0,0,0,0,0.0,0.0,1.0,0.0,0.0,1.0,0.0,0.0,-0.3836140773384135,0.27988351438069276,0
2,0,17.0,0,0,1,0,1,0,0,1.0,0.0,0.0,0.0,1.0,0.0,0.0,0.0,-0.9138378138150675,-0.40747444719557346,1
1,0,38.0,1,0,1,1,1,0,0,1.0,0.0,0.0,0.0,0.0,0.0,1.0,0.0,0.6768333956148943,1.3795328877383672,1
3,1,26.0,0,0,1,0,1,0,1,1.0,0.0,0.0,0.0,0.0,1.0,0.0,0.0,-0.23212158120222667,-0.8837551177684755,0
3,1,40.0,0,0,1,0,1,0,0,0.0,0.0,1.0,0.0,0.0,1.0,0.0,0.0,0.8283258917510812,-0.8026247516712269,0
3,1,22.0,0,0,1,0,1,0,0,0.0,0.0,1.0,0.0,0.0,1.0,0.0,0.0,-0.5351065734746003,-0.6807519626905167,0
3,0,2.0,0,1,2,1,0,0,0,0.0,0.0,1.0,0.0,1.0,0.0,0.0,0.0,-2.0500315348364686,-0.5385785686404676,0
1,1,28.0,1,0,2,0,0,0,0,1.0,0.0,0.0,0.0,0.0,1.0,0.0,0.0,-0.08062908506603986,1.525672115745253,0
3,1,18.0,0,0,1,0,1,0,0,0.0,0.0,1.0,0.0,0.0,1.0,0.0,0.0,-0.838091565746974,-0.8198377001901485,0
3,1,28.0,0,0,1,0,1,0,0,0.0,0.0,1.0,0.0,0.0,1.0,0.0,0.0,-0.08062908506603986,0.21031094477454312,0
2,0,19.0,0,0,2,0,0,0,0,0.0,0.0,1.0,0.0,1.0,0.0,0.0,0.0,-0.7623453176788806,0.3538149107368302,1
3,1,26.0,0,0,1,0,1,0,1,0.0,0.0,1.0,0.0,0.0,1.0,0.0,0.0,-0.23212158120222667,-0.784724404505949,0
1,0,60.0,1,0,1,1,1,0,0,1.0,0.0,0.0,0.0,0.0,0.0,1.0,0.0,2.3432508531129495,1.4351794089613816,1
3,1,20.0,0,0,1,0,1,0,0,0.0,0.0,1.0,0.0,0.0,1.0,0.0,0.0,-0.6865990696107872,-0.8075070575353541,0
1,1,45.0,0,0,1,1,1,0,0,0.0,0.0,1.0,0.0,0.0,1.0,0.0,0.0,1.2070571320915482,0.6678304150282446,0
3,0,22.0,0,0,1,0,1,0,1,0.0,0.0,1.0,0.0,1.0,0.0,0.0,0.0,-0.5351065734746003,-0.784724404505949,0
2,0,24.0,0,0,1,1,1,0,0,0.0,0.0,1.0,0.0,1.0,0.0,0.0,0.0,-0.3836140773384135,-0.33028389477929004,1
3,1,26.0,0,0,1,1,1,0,1,0.0,1.0,0.0,0.0,0.0,1.0,0.0,0.0,-0.23212158120222667,-0.8198377001901485,0
3,0,22.0,1,0,2,0,0,0,1,0.0,1.0,0.0,0.0,1.0,0.0,0.0,0.0,-0.5351065734746003,-0.15914652690546593,1
3,1,39.0,1,5,7,0,0,0,0,0.0,0.0,1.0,0.0,0.0,1.0,0.0,0.0,0.7525796436829877,0.5396940041896794,0
3,0,26.0,0,0,1,0,1,0,0,0.0,0.0,1.0,0.0,1.0,0.0,0.0,0.0,-0.23212158120222667,-0.8075070575353541,1
2,0,24.0,2,1,2,0,0,0,0,0.0,0.0,1.0,0.0,0.0,0.0,1.0,0.0,-0.3836140773384135,0.3916952960994955,1
2,0,36.0,0,0,1,0,1,0,0,0.0,0.0,1.0,0.0,1.0,0.0,0.0,0.0,0.5253408994787074,-0.33028389477929004,1
1,1,37.0,0,1,1,1,1,0,0,1.0,0.0,0.0,0.0,0.0,1.0,0.0,0.0,0.6010871475468009,0.4875826725250628,0
1,0,35.0,0,1,2,1,0,0,1,0.0,0.0,1.0,0.0,0.0,0.0,1.0,0.0,0.44959465141061405,1.1136744869782815,1
2,1,28.0,0,0,1,0,1,0,0,0.0,0.0,1.0,0.0,0.0,1.0,0.0,0.0,-0.08062908506603986,-0.5351765107494875,0
3,1,19.0,0,0,1,0,1,0,0,0.0,0.0,1.0,0.0,0.0,1.0,0.0,0.0,-0.7623453176788806,-0.8026247516712269,0
3,1,43.0,0,0,1,0,1,0,0,0.0,0.0,1.0,0.0,0.0,1.0,0.0,0.0,1.0555646359553614,-0.9873676225569983,0
1,1,25.0,1,0,2,1,0,0,0,1.0,0.0,0.0,0.0,0.0,1.0,0.0,0.0,-0.3078678292703201,1.6316573542688013,1
3,1,47.0,0,0,1,0,1,0,0,0.0,0.0,1.0,0.0,0.0,1.0,0.0,0.0,1.3585496282277352,-0.6807519626905167,0
1,0,16.0,0,0,3,1,0,0,0,0.0,0.0,1.0,0.0,1.0,0.0,0.0,0.0,-0.9895840618831608,1.578525257914135,1
2,1,0.83,1,1,3,0,0,0,0,0.0,0.0,1.0,1.0,0.0,0.0,0.0,0.0,-2.138654645076138,0.02812522149379838,1
3,1,22.0,0,0,1,0,1,0,0,0.0,0.0,1.0,0.0,0.0,1.0,0.0,0.0,-0.5351065734746003,-0.8970282526064324,0
3,1,19.0,0,0,1,0,1,0,0,0.0,0.0,1.0,0.0,0.0,1.0,0.0,0.0,-0.7623453176788806,-0.8026247516712269,0
2,1,28.0,0,0,1,0,1,0,0,0.0,0.0,1.0,0.0,0.0,1.0,0.0,0.0,-0.08062908506603986,-0.29373292350686403,0
3,1,14.0,4,1,6,0,0,0,0,0.0,0.0,1.0,0.0,0.0,1.0,0.0,0.0,-1.1410765580193476,0.7809567382984401,0
3,1,36.0,0,0,1,0,1,0,0,0.0,0.0,1.0,0.0,0.0,1.0,0.0,0.0,0.5253408994787074,-0.8026247516712269,0
1,1,29.0,0,0,1,1,1,0,0,0.0,0.0,1.0,0.0,0.0,1.0,0.0,0.0,-0.0048828369979464345,0.4977117228329803,0
3,1,42.0,0,0,1,1,1,0,0,0.0,0.0,1.0,0.0,0.0,1.0,0.0,0.0,0.9798183878872679,-0.8318101975041274,0
1,1,41.0,0,0,2,1,0,0,1,0.0,0.0,1.0,0.0,0.0,1.0,0.0,0.0,0.9040721398191746,1.0563244544087835,0
1,1,27.0,0,0,3,1,0,0,0,1.0,0.0,0.0,0.0,0.0,1.0,0.0,0.0,-0.15637533313413327,1.4551921886445889,1
3,1,29.0,0,0,1,0,1,0,0,0.0,1.0,0.0,0.0,0.0,1.0,0.0,0.0,-0.0048828369979464345,-0.8198377001901485,1
2,0,5.0,1,2,3,0,0,0,0,0.0,0.0,1.0,0.0,1.0,0.0,0.0,0.0,-1.8227927906321884,0.41922806559722475,1
3,0,22.0,0,0,1,0,1,0,0,0.0,0.0,1.0,0.0,1.0,0.0,0.0,0.0,-0.5351065734746003,-0.5969792779455197,0
3,1,26.0,0,0,1,0,1,0,1,0.0,1.0,0.0,0.0,0.0,1.0,0.0,0.0,-0.23212158120222667,-0.8198377001901485,0
2,0,30.0,0,0,1,0,1,0,0,0.0,0.0,1.0,0.0,1.0,0.0,0.0,0.0,0.07086341107014699,-0.33028389477929004,1
1,1,62.0,0,0,1,1,1,0,0,0.0,0.0,1.0,0.0,0.0,1.0,0.0,0.0,2.4947433492491364,0.3748193874565838,0
2,1,34.0,0,0,1,1,1,0,0,0.0,0.0,1.0,0.0,0.0,1.0,0.0,0.0,0.3738484033425207,-0.33028389477929004,1
3,1,28.0,0,0,1,0,1,0,0,0.0,0.0,1.0,0.0,0.0,1.0,0.0,0.0,-0.08062908506603986,-0.8026247516712269,0
3,1,26.0,0,0,1,0,1,0,1,0.0,1.0,0.0,0.0,0.0,1.0,0.0,0.0,-0.23212158120222667,-0.8198377001901485,0
3,1,44.0,0,1,1,0,1,0,0,0.0,0.0,1.0,0.0,0.0,1.0,0.0,0.0,1.131310884023455,-0.12194272214359861,0
3,0,45.0,0,0,1,0,1,0,0,0.0,0.0,1.0,0.0,1.0,0.0,0.0,0.0,1.2070571320915482,-0.8198377001901485,0
2,1,19.0,0,0,1,0,1,0,0,0.0,0.0,1.0,0.0,0.0,1.0,0.0,0.0,-0.7623453176788806,-0.33028389477929004,0
2,1,18.0,0,0,5,0,0,0,0,0.0,0.0,1.0,0.0,0.0,1.0,0.0,0.0,-0.838091565746974,1.4109953355472844,0
3,1,31.0,0,0,1,0,1,0,0,0.0,0.0,1.0,0.0,0.0,1.0,0.0,0.0,0.1466096591382404,-0.8168659555257971,0
2,1,29.0,0,0,3,0,0,0,1,0.0,0.0,1.0,0.0,0.0,1.0,0.0,0.0,-0.0048828369979464345,-3.0791149207948,0
3,1,21.0,0,0,1,0,1,0,0,0.0,0.0,1.0,0.0,0.0,1.0,0.0,0.0,-0.6108528215426937,-0.8811257177842515,0
2,1,25.0,0,0,1,0,1,0,0,0.0,0.0,1.0,0.0,0.0,1.0,0.0,0.0,-0.3078678292703201,-0.33028389477929004,0
3,1,32.0,0,0,1,0,1,0,0,0.0,0.0,1.0,0.0,0.0,1.0,0.0,0.0,0.2223559072063338,-0.7493647362207704,0
2,1,30.0,1,0,2,0,0,0,0,1.0,0.0,0.0,0.0,0.0,1.0,0.0,0.0,0.07086341107014699,0.273652613656195,0
3,1,40.0,0,0,1,0,1,0,0,1.0,0.0,0.0,0.0,0.0,1.0,0.0,0.0,0.8283258917510812,-0.8842868607213866,0
3,1,33.0,0,0,1,0,1,0,0,1.0,0.0,0.0,0.0,0.0,1.0,0.0,0.0,0.29810215527442724,-0.8026247516712269,0
3,1,36.0,0,0,1,0,1,0,0,0.0,0.0,1.0,0.0,0.0,1.0,0.0,0.0,0.5253408994787074,-0.8505457948614892,0
1,0,47.0,1,1,2,1,0,0,0,0.0,0.0,1.0,0.0,0.0,0.0,1.0,0.0,1.3585496282277352,1.0671594585042232,1
2,1,34.0,1,0,2,0,0,0,0,0.0,0.0,1.0,0.0,0.0,1.0,0.0,0.0,0.3738484033425207,0.3538149107368302,0
3,1,19.0,0,0,1,0,1,0,0,0.0,0.0,1.0,0.0,0.0,1.0,0.0,0.0,-0.7623453176788806,-0.784724404505949,0
3,1,26.0,0,0,1,0,1,0,1,0.0,0.0,1.0,0.0,0.0,1.0,0.0,0.0,-0.23212158120222667,-0.784724404505949,0
2,0,50.0,0,0,1,0,1,0,0,0.0,0.0,1.0,0.0,1.0,0.0,0.0,0.0,1.5857883724320154,-0.5351765107494875,1
3,0,22.0,2,0,2,0,0,0,1,0.0,1.0,0.0,0.0,1.0,0.0,0.0,0.0,-0.5351065734746003,0.24192643112039647,1
3,1,26.0,1,0,1,0,1,0,1,0.0,1.0,0.0,0.0,0.0,1.0,0.0,0.0,-0.23212158120222667,-0.8198377001901485,0
2,1,29.0,0,0,3,0,0,0,1,0.0,0.0,1.0,0.0,0.0,1.0,0.0,0.0,-0.0048828369979464345,-3.0791149207948,0
3,1,26.0,0,0,1,0,1,0,1,0.0,0.0,1.0,0.0,0.0,1.0,0.0,0.0,-0.23212158120222667,-0.784724404505949,0
3,1,35.0,0,0,1,0,1,0,0,0.0,0.0,1.0,0.0,0.0,1.0,0.0,0.0,0.44959465141061405,-0.784724404505949,0
2,1,35.0,0,0,2,0,0,0,0,0.0,0.0,1.0,0.0,0.0,1.0,0.0,0.0,0.44959465141061405,0.3538149107368302,0
1,0,18.0,1,0,4,1,0,0,0,1.0,0.0,0.0,0.0,0.0,0.0,1.0,0.0,-0.838091565746974,2.578464328154743,1
3,0,16.0,5,2,6,0,0,0,0,0.0,0.0,1.0,0.0,1.0,0.0,0.0,0.0,-0.9895840618831608,0.9509395317658309,0
3,0,21.0,0,0,1,0,1,0,0,0.0,0.0,1.0,0.0,1.0,0.0,0.0,0.0,-0.6108528215426937,-0.8318101975041274,1
1,1,41.0,0,0,2,0,0,0,1,0.0,0.0,1.0,0.0,0.0,1.0,0.0,0.0,0.9040721398191746,0.5307810335991272,0
3,1,41.0,2,0,1,0,1,0,0,0.0,0.0,1.0,0.0,0.0,1.0,0.0,0.0,0.9040721398191746,-0.25092790645228946,0
1,0,14.0,1,2,4,1,0,0,0,0.0,0.0,1.0,0.0,1.0,0.0,0.0,0.0,-1.1410765580193476,1.9161603610536861,1
1,1,21.0,0,1,2,1,0,0,0,0.0,0.0,1.0,0.0,0.0,1.0,0.0,0.0,-0.6108528215426937,1.4626468446708225,0
